date,source,production_m3,service_hours,country
2020-01-01,victoria,22127,21.91618096718777,uganda
2020-01-02,kyoga,20815,20.00893264006291,uganda
2020-01-03,kyoga,25110,22.17203724455502,uganda
2020-01-04,kyoga,20009,20.9754844232539,uganda
2020-01-05,kyoga,22861,21.791500383475213,uganda
2020-01-06,kyoga,20297,20.290015831177797,uganda
2020-01-07,kyoga,24449,23.835614689308883,uganda
2020-01-08,kyoga,19071,17.993041751140257,uganda
2020-01-09,victoria,21325,21.74828818290931,uganda
2020-01-10,kyoga,26758,22.58050052988871,uganda
2020-01-11,victoria,21579,20.234417745687093,uganda
2020-01-12,victoria,24615,20.433928134949173,uganda
2020-01-13,victoria,20525,20.165293369319,uganda
2020-01-14,kyoga,20230,20.063643539450233,uganda
2020-01-15,victoria,23513,22.61399770014435,uganda
2020-01-16,kyoga,26447,20.612533409165245,uganda
2020-01-17,kyoga,24039,20.261801689727733,uganda
2020-01-18,kyoga,21026,20.96042040713184,uganda
2020-01-19,kyoga,20787,21.671295885973453,uganda
2020-01-20,kyoga,22761,20.16898787798779,uganda
2020-01-21,victoria,19906,19.24935386787196,uganda
2020-01-22,victoria,22164,22.8000945275233,uganda
2020-01-23,victoria,23248,23.788037514639818,uganda
2020-01-24,kyoga,23383,22.653930290692088,uganda
2020-01-25,kyoga,22574,20.377765956961866,uganda
2020-01-26,kyoga,24148,21.02215960583794,uganda
2020-01-27,victoria,25911,22.581094834063858,uganda
2020-01-28,kyoga,25349,20.932183414765657,uganda
2020-01-29,kyoga,20155,20.209748529808124,uganda
2020-01-30,victoria,23372,22.10088249045308,uganda
2020-01-31,kyoga,19747,21.509623771010197,uganda
2020-02-01,kyoga,21122,21.431462195328567,uganda
2020-02-02,kyoga,21542,23.947200078006464,uganda
2020-02-03,victoria,20396,23.332923358948708,uganda
2020-02-04,victoria,22392,22.54041641062114,uganda
2020-02-05,victoria,23379,10.767757018965648,uganda
2020-02-06,kyoga,23539,23.874342048954965,uganda
2020-02-07,kyoga,21948,20.2195839344585,uganda
2020-02-08,kyoga,21098,21.024498843461966,uganda
2020-02-09,kyoga,25824,11.82799497072894,uganda
2020-02-10,victoria,27058,23.915511706212357,uganda
2020-02-11,kyoga,24560,20.318029250494135,uganda
2020-02-12,victoria,22054,21.82042663930648,uganda
2020-02-13,kyoga,23799,23.91396470868645,uganda
2020-02-14,kyoga,21835,21.766824655359457,uganda
2020-02-15,kyoga,22273,20.97806889479274,uganda
2020-02-16,kyoga,26113,21.669415074029555,uganda
2020-02-17,kyoga,21792,23.356105877259367,uganda
2020-02-18,victoria,20265,20.119469818653442,uganda
2020-02-19,victoria,20237,23.249584290626615,uganda
2020-02-20,victoria,27724,21.16362984591795,uganda
2020-02-21,victoria,23899,20.570168939033074,uganda
2020-02-22,kyoga,19263,19.107786399596392,uganda
2020-02-23,kyoga,22014,22.854322948807198,uganda
2020-02-24,victoria,25210,21.256856477272304,uganda
2020-02-25,kyoga,22141,20.268138556648573,uganda
2020-02-26,kyoga,26464,20.21998155262604,uganda
2020-02-27,victoria,23593,20.78937017299522,uganda
2020-02-28,kyoga,22521,21.80922409467045,uganda
2020-02-29,kyoga,24276,20.93782559347194,uganda
2020-03-01,victoria,23545,23.792388766369218,uganda
2020-03-02,kyoga,36856,22.300517094238803,uganda
2020-03-03,victoria,24589,20.079972833330547,uganda
2020-03-04,victoria,20080,21.184550527469533,uganda
2020-03-05,kyoga,22903,21.902453271128806,uganda
2020-03-06,victoria,21670,21.32926637810496,uganda
2020-03-07,kyoga,20523,23.54065351795347,uganda
2020-03-08,victoria,23181,21.986585488676635,uganda
2020-03-09,victoria,23863,22.310262531224684,uganda
2020-03-10,kyoga,24545,21.658448087079325,uganda
2020-03-11,victoria,23904,23.893052303772375,uganda
2020-03-12,kyoga,24711,22.63087962907782,uganda
2020-03-13,kyoga,25711,22.963194440238976,uganda
2020-03-14,kyoga,24483,22.74844878800151,uganda
2020-03-15,victoria,22095,23.947545967734385,uganda
2020-03-16,victoria,24502,22.608729371061663,uganda
2020-03-17,kyoga,24574,22.895611211857016,uganda
2020-03-18,kyoga,22224,23.581106805606158,uganda
2020-03-19,kyoga,25494,23.971784646132924,uganda
2020-03-20,kyoga,20597,20.446652277881142,uganda
2020-03-21,victoria,23660,21.63992344753655,uganda
2020-03-22,kyoga,23286,20.511510698791202,uganda
2020-03-23,kyoga,20526,21.70347723213157,uganda
2020-03-24,kyoga,18974,21.795642984338347,uganda
2020-03-25,kyoga,25935,20.98851979184618,uganda
2020-03-26,kyoga,23188,23.976752195015056,uganda
2020-03-27,victoria,18570,21.974728416882474,uganda
2020-03-28,victoria,19826,18.420625032971895,uganda
2020-03-29,kyoga,23110,20.105947311360126,uganda
2020-03-30,victoria,22257,23.51038362028655,uganda
2020-03-31,victoria,20297,22.654994000135783,uganda
2020-04-01,kyoga,21951,23.725369689549662,uganda
2020-04-02,kyoga,21053,11.650447590863886,uganda
2020-04-03,kyoga,22399,23.600177937459254,uganda
2020-04-04,victoria,26657,20.178660192588296,uganda
2020-04-05,kyoga,23786,20.442073324438663,uganda
2020-04-06,victoria,20129,23.248956680784943,uganda
2020-04-07,kyoga,18126,21.981722233800227,uganda
2020-04-08,victoria,21612,20.471807793194714,uganda
2020-04-09,victoria,23142,21.682057906215267,uganda
2020-04-10,victoria,25956,21.946125240587623,uganda
2020-04-11,kyoga,25533,21.87973122401668,uganda
2020-04-12,victoria,22446,20.52678467609585,uganda
2020-04-13,kyoga,24518,21.77403193337805,uganda
2020-04-14,victoria,27515,23.243378189913006,uganda
2020-04-15,victoria,24695,21.501599556290266,uganda
2020-04-16,victoria,21664,23.716201867597185,uganda
2020-04-17,kyoga,21503,23.621239096135813,uganda
2020-04-18,kyoga,22884,20.52777753005779,uganda
2020-04-19,kyoga,21336,20.645851682036145,uganda
2020-04-20,victoria,22639,23.2906111993801,uganda
2020-04-21,victoria,23892,23.922457421817807,uganda
2020-04-22,victoria,24160,22.488993361401782,uganda
2020-04-23,victoria,19132,19.882567748871587,uganda
2020-04-24,kyoga,19486,20.718336267696575,uganda
2020-04-25,kyoga,22533,22.887814748948905,uganda
2020-04-26,victoria,23763,22.93999891682527,uganda
2020-04-27,victoria,23153,23.995847339585286,uganda
2020-04-28,kyoga,23008,21.29832087336467,uganda
2020-04-29,victoria,21693,22.521179935291485,uganda
2020-04-30,victoria,23392,21.069967091901717,uganda
2020-05-01,victoria,21427,22.190671583376496,uganda
2020-05-02,victoria,24413,21.094853036675712,uganda
2020-05-03,victoria,22011,21.420093848994842,uganda
2020-05-04,kyoga,21446,23.616902303326007,uganda
2020-05-05,kyoga,22037,23.99935553610718,uganda
2020-05-06,victoria,24714,22.807462454502407,uganda
2020-05-07,victoria,21337,20.512188084002265,uganda
2020-05-08,victoria,21999,20.688935359696277,uganda
2020-05-09,kyoga,19715,19.91157471898103,uganda
2020-05-10,victoria,17317,19.183867567388006,uganda
2020-05-11,victoria,23085,22.400038422799632,uganda
2020-05-12,victoria,23485,21.86432305934873,uganda
2020-05-13,victoria,21109,20.76841966062568,uganda
2020-05-14,victoria,21339,20.803335899102585,uganda
2020-05-15,kyoga,21347,22.92188746831056,uganda
2020-05-16,kyoga,22495,23.77216295635892,uganda
2020-05-17,victoria,19482,20.289658944599566,uganda
2020-05-18,victoria,22130,22.66873836076933,uganda
2020-05-19,kyoga,21606,22.59312397944361,uganda
2020-05-20,kyoga,24261,20.14253353375359,uganda
2020-05-21,kyoga,21618,23.56343864530091,uganda
2020-05-22,victoria,17108,18.099622369136036,uganda
2020-05-23,victoria,19309,22.897867275776754,uganda
2020-05-24,kyoga,20052,20.20054957201835,uganda
2020-05-25,kyoga,24001,22.945859552019847,uganda
2020-05-26,kyoga,27088,22.189265136932196,uganda
2020-05-27,victoria,22482,20.456076645333134,uganda
2020-05-28,victoria,25033,20.859219080023728,uganda
2020-05-29,kyoga,21652,23.472511358313778,uganda
2020-05-30,victoria,22231,23.496102219290073,uganda
2020-05-31,victoria,24523,23.30610993031057,uganda
2020-06-01,victoria,21763,21.454559483341338,uganda
2020-06-02,kyoga,23812,22.22319652065924,uganda
2020-06-03,victoria,20103,20.91520455620342,uganda
2020-06-04,kyoga,19960,20.54052930509607,uganda
2020-06-05,victoria,25202,20.647696523511435,uganda
2020-06-06,kyoga,19108,21.500471708060022,uganda
2020-06-07,victoria,20486,21.630424669779636,uganda
2020-06-08,victoria,20675,22.200592124452992,uganda
2020-06-09,kyoga,21629,21.816893414119512,uganda
2020-06-10,kyoga,22575,23.839564130032475,uganda
2020-06-11,kyoga,24179,20.800954726893536,uganda
2020-06-12,victoria,22171,20.038680080312133,uganda
2020-06-13,kyoga,22718,21.67553933244267,uganda
2020-06-14,kyoga,23802,23.880461941147367,uganda
2020-06-15,kyoga,22193,23.249885732108222,uganda
2020-06-16,victoria,19483,21.314657272076545,uganda
2020-06-17,kyoga,22809,20.267692481457594,uganda
2020-06-18,kyoga,24404,21.960307523917923,uganda
2020-06-19,kyoga,23142,23.267382837919346,uganda
2020-06-20,kyoga,21630,21.195665100669068,uganda
2020-06-21,kyoga,20050,20.86113419268488,uganda
2020-06-22,kyoga,23961,22.138500738208776,uganda
2020-06-23,victoria,23397,23.851529143505957,uganda
2020-06-24,victoria,24560,22.000312024081605,uganda
2020-06-25,kyoga,17933,20.65322433653504,uganda
2020-06-26,victoria,20969,22.862968758958974,uganda
2020-06-27,victoria,18103,21.15092587186937,uganda
2020-06-28,kyoga,20515,22.862030145730706,uganda
2020-06-29,victoria,25518,20.65288590138284,uganda
2020-06-30,victoria,17302,21.405877705427766,uganda
2020-07-01,kyoga,20434,22.336123605959457,uganda
2020-07-02,victoria,20946,21.86956090301112,uganda
2020-07-03,kyoga,23323,21.535891004683883,uganda
2020-07-04,kyoga,20449,21.211859233764503,uganda
2020-07-05,victoria,22548,20.373285365253434,uganda
2020-07-06,kyoga,25365,23.602048842244738,uganda
2020-07-07,kyoga,22171,23.69044127143207,uganda
2020-07-08,kyoga,23417,23.704791176770556,uganda
2020-07-09,kyoga,19630,19.290243298324512,uganda
2020-07-10,kyoga,20520,21.906317651577215,uganda
2020-07-11,victoria,38194,23.12502068697689,uganda
2020-07-12,kyoga,22814,22.5921510144753,uganda
2020-07-13,victoria,24219,21.64907877082261,uganda
2020-07-14,kyoga,22013,23.52639767162239,uganda
2020-07-15,victoria,20790,20.96259097229159,uganda
2020-07-16,kyoga,23564,23.493398802919717,uganda
2020-07-17,kyoga,17326,18.75488402205699,uganda
2020-07-18,kyoga,23108,22.595822644986846,uganda
2020-07-19,victoria,17209,16.78176467230936,uganda
2020-07-20,kyoga,23765,20.421095764724726,uganda
2020-07-21,victoria,25840,20.85018182950579,uganda
2020-07-22,victoria,20446,22.761325566551104,uganda
2020-07-23,victoria,21996,21.83914124344206,uganda
2020-07-24,kyoga,21311,21.65693480260218,uganda
2020-07-25,victoria,15695,20.66446632901321,uganda
2020-07-26,victoria,23408,21.216307267929135,uganda
2020-07-27,kyoga,22706,21.419240164945105,uganda
2020-07-28,kyoga,17593,19.31536560788159,uganda
2020-07-29,kyoga,20909,21.834054227090633,uganda
2020-07-30,victoria,25096,22.318590835175016,uganda
2020-07-31,victoria,23661,20.89439175448681,uganda
2020-08-01,victoria,23547,23.95214469675878,uganda
2020-08-02,victoria,21718,22.624200392186964,uganda
2020-08-03,victoria,24882,13.524254695124858,uganda
2020-08-04,victoria,21824,20.263610370686678,uganda
2020-08-05,victoria,23838,21.00952528714407,uganda
2020-08-06,kyoga,22448,21.03687610093856,uganda
2020-08-07,kyoga,24299,22.16082412056026,uganda
2020-08-08,victoria,24217,23.39747512442975,uganda
2020-08-09,victoria,23677,22.228965040852835,uganda
2020-08-10,kyoga,23204,20.864073846962746,uganda
2020-08-11,kyoga,22522,21.63099315161609,uganda
2020-08-12,kyoga,21860,20.28467247707624,uganda
2020-08-13,victoria,18857,17.872104267790657,uganda
2020-08-14,victoria,21803,20.227496072876786,uganda
2020-08-15,kyoga,22426,20.640239782013083,uganda
2020-08-16,kyoga,22257,20.71725222342489,uganda
2020-08-17,kyoga,22028,20.965221226983573,uganda
2020-08-18,kyoga,23855,20.810408423857712,uganda
2020-08-19,kyoga,21031,21.117694276229198,uganda
2020-08-20,victoria,22827,22.175654391541286,uganda
2020-08-21,kyoga,25204,20.119151857863034,uganda
2020-08-22,victoria,21096,23.454222114072838,uganda
2020-08-23,kyoga,23601,23.57197565536449,uganda
2020-08-24,kyoga,19877,20.20987713639601,uganda
2020-08-25,victoria,24373,23.183987569475285,uganda
2020-08-26,victoria,25448,20.267573699686718,uganda
2020-08-27,victoria,25508,21.583876231935623,uganda
2020-08-28,victoria,27482,23.238114424659038,uganda
2020-08-29,kyoga,26511,20.145945906695438,uganda
2020-08-30,kyoga,21504,20.765598044681717,uganda
2020-08-31,victoria,21213,20.16967482569222,uganda
2020-09-01,victoria,21671,21.83523670183241,uganda
2020-09-02,kyoga,25065,13.916001413621789,uganda
2020-09-03,kyoga,22508,20.05646427011535,uganda
2020-09-04,kyoga,21961,20.95301375367044,uganda
2020-09-05,kyoga,23553,20.716789744016257,uganda
2020-09-06,kyoga,23928,23.66761923038734,uganda
2020-09-07,kyoga,20729,23.56285744893838,uganda
2020-09-08,victoria,22186,23.10544191547658,uganda
2020-09-09,victoria,26484,21.287004336671025,uganda
2020-09-10,victoria,21792,23.061855158422023,uganda
2020-09-11,victoria,23594,22.254429397359818,uganda
2020-09-12,kyoga,22736,23.788162027898885,uganda
2020-09-13,kyoga,21695,22.90042322778732,uganda
2020-09-14,victoria,25565,21.932454749581996,uganda
2020-09-15,victoria,23400,23.171115259650115,uganda
2020-09-16,kyoga,26208,22.152019797110395,uganda
2020-09-17,kyoga,22302,22.15163123463116,uganda
2020-09-18,kyoga,22514,22.062944376112302,uganda
2020-09-19,kyoga,23946,23.146860565423847,uganda
2020-09-20,kyoga,19436,21.56306047392264,uganda
2020-09-21,kyoga,23392,21.509084407575152,uganda
2020-09-22,victoria,21867,22.81906937336583,uganda
2020-09-23,kyoga,24119,23.628832864697568,uganda
2020-09-24,kyoga,23634,21.65359127421445,uganda
2020-09-25,kyoga,22386,23.27453116292481,uganda
2020-09-26,victoria,20729,22.33391747202906,uganda
2020-09-27,victoria,15335,19.45293155381442,uganda
2020-09-28,kyoga,24051,23.036125724674203,uganda
2020-09-29,victoria,22194,20.246475666705756,uganda
2020-09-30,kyoga,22891,22.140373678342886,uganda
2020-10-01,victoria,22502,23.97301061356646,uganda
2020-10-02,victoria,23424,21.896192691352,uganda
2020-10-03,victoria,35296,22.96655375876123,uganda
2020-10-04,kyoga,24899,21.355695818635905,uganda
2020-10-05,kyoga,22343,20.53154463449168,uganda
2020-10-06,kyoga,21545,21.59179735765992,uganda
2020-10-07,kyoga,25479,16.921554791714,uganda
2020-10-08,kyoga,27725,21.50126529040091,uganda
2020-10-09,kyoga,21864,22.655410663944735,uganda
2020-10-10,victoria,22350,22.600358777402302,uganda
2020-10-11,kyoga,24581,22.10321883125795,uganda
2020-10-12,victoria,18046,22.14346443396617,uganda
2020-10-13,kyoga,23548,23.65697186692902,uganda
2020-10-14,victoria,23337,22.012529988203013,uganda
2020-10-15,victoria,22961,23.56668141351239,uganda
2020-10-16,victoria,22508,20.048743693734558,uganda
2020-10-17,victoria,22513,23.38385843520279,uganda
2020-10-18,victoria,20652,17.916980197891966,uganda
2020-10-19,victoria,23766,20.450442490314003,uganda
2020-10-20,kyoga,21919,21.451802573626708,uganda
2020-10-21,victoria,22224,23.128422125129823,uganda
2020-10-22,victoria,19462,19.348849948494145,uganda
2020-10-23,kyoga,20371,22.832401128445866,uganda
2020-10-24,kyoga,21982,23.982527003312775,uganda
2020-10-25,victoria,23300,21.675932046545466,uganda
2020-10-26,kyoga,19582,18.5974367725176,uganda
2020-10-27,victoria,20228,23.596620098075768,uganda
2020-10-28,kyoga,39317,22.22245290759954,uganda
2020-10-29,kyoga,20494,19.626111706994852,uganda
2020-10-30,victoria,20893,19.063208686148577,uganda
2020-10-31,victoria,21353,19.21540964814335,uganda
2020-11-01,victoria,21758,21.748965752176215,uganda
2020-11-02,kyoga,22406,23.271366387372687,uganda
2020-11-03,kyoga,27298,20.78609889341253,uganda
2020-11-04,kyoga,16123,10.430941585625272,uganda
2020-11-05,kyoga,25328,20.214982341144154,uganda
2020-11-06,victoria,22504,22.560510987856972,uganda
2020-11-07,victoria,20300,21.94841792629919,uganda
2020-11-08,kyoga,19794,22.41073795449759,uganda
2020-11-09,victoria,24432,23.573198169911464,uganda
2020-11-10,victoria,27033,14.825560626569345,uganda
2020-11-11,victoria,19052,19.944498926156264,uganda
2020-11-12,kyoga,22750,21.798314362067902,uganda
2020-11-13,victoria,17850,21.608245322346544,uganda
2020-11-14,kyoga,26340,21.118901681066593,uganda
2020-11-15,victoria,18931,19.572337525220142,uganda
2020-11-16,kyoga,22883,21.566701052284024,uganda
2020-11-17,kyoga,20027,21.13716764062408,uganda
2020-11-18,kyoga,20625,22.441748260865516,uganda
2020-11-19,kyoga,20901,21.629858717758836,uganda
2020-11-20,kyoga,23688,22.90655415622588,uganda
2020-11-21,kyoga,19512,19.222829615504978,uganda
2020-11-22,victoria,25433,21.29197631612898,uganda
2020-11-23,victoria,24010,21.314766461719515,uganda
2020-11-24,victoria,22903,21.39993844922777,uganda
2020-11-25,victoria,21990,22.218320332336653,uganda
2020-11-26,kyoga,24546,22.82261783996432,uganda
2020-11-27,victoria,24118,22.169265061067684,uganda
2020-11-28,victoria,21388,21.907494529727433,uganda
2020-11-29,kyoga,21342,23.45579358935646,uganda
2020-11-30,kyoga,26868,20.25395872081772,uganda
2020-12-01,victoria,24982,22.504570715512376,uganda
2020-12-02,victoria,19253,20.45708942063522,uganda
2020-12-03,victoria,21837,23.830310877967865,uganda
2020-12-04,victoria,23179,20.25502475100248,uganda
2020-12-05,victoria,21856,22.340529362121824,uganda
2020-12-06,kyoga,27768,22.03328972512967,uganda
2020-12-07,victoria,23827,23.964070465317654,uganda
2020-12-08,victoria,30709,23.882991992697153,uganda
2020-12-09,victoria,25902,23.781784455808413,uganda
2020-12-10,victoria,21115,23.203675438492215,uganda
2020-12-11,kyoga,24084,20.04612087146283,uganda
2020-12-12,victoria,23046,20.753418302878124,uganda
2020-12-13,kyoga,22398,23.116381152686152,uganda
2020-12-14,kyoga,22870,20.08750298204729,uganda
2020-12-15,victoria,24236,21.835008874847478,uganda
2020-12-16,victoria,21881,22.457638041077743,uganda
2020-12-17,victoria,23745,20.77235780511916,uganda
2020-12-18,kyoga,21343,20.26824284936187,uganda
2020-12-19,kyoga,19972,21.083275547376058,uganda
2020-12-20,victoria,21172,23.803258944328967,uganda
2020-12-21,victoria,23940,21.02819712397524,uganda
2020-12-22,victoria,23971,23.539917026596846,uganda
2020-12-23,kyoga,19843,20.809080286280956,uganda
2020-12-24,kyoga,22521,20.397504141258423,uganda
2020-12-25,victoria,20767,21.309930330738986,uganda
2020-12-26,victoria,24972,22.449528240476877,uganda
2020-12-27,victoria,24582,23.296529858457678,uganda
2020-12-28,victoria,23117,21.102709181316957,uganda
2020-12-29,kyoga,20444,21.752467384112357,uganda
2020-12-30,victoria,21649,21.569266835839954,uganda
2020-12-31,kyoga,19757,19.936138109898113,uganda
2021-01-01,kyoga,21957,23.834446031378253,uganda
2021-01-02,victoria,23185,22.641429569789715,uganda
2021-01-03,kyoga,23905,11.590078281831477,uganda
2021-01-04,victoria,24023,22.43199210309416,uganda
2021-01-05,kyoga,21911,21.822010930515745,uganda
2021-01-06,kyoga,25884,23.325718638351667,uganda
2021-01-07,victoria,23275,21.98671549235026,uganda
2021-01-08,victoria,22666,23.146827064179543,uganda
2021-01-09,victoria,22370,20.245781175056084,uganda
2021-01-10,kyoga,22023,20.84433556131461,uganda
2021-01-11,victoria,23070,22.09886384494386,uganda
2021-01-12,victoria,24290,20.178223262179635,uganda
2021-01-13,victoria,26383,21.495395998444852,uganda
2021-01-14,victoria,24559,22.880202975790734,uganda
2021-01-15,kyoga,22660,23.389254559642815,uganda
2021-01-16,kyoga,22365,13.297033158883961,uganda
2021-01-17,kyoga,21122,20.39038926634425,uganda
2021-01-18,kyoga,23347,22.863794501745783,uganda
2021-01-19,victoria,28158,21.78068531998199,uganda
2021-01-20,kyoga,18650,17.885191771354485,uganda
2021-01-21,victoria,25674,21.342431259534383,uganda
2021-01-22,kyoga,21748,23.782303302016167,uganda
2021-01-23,victoria,20919,20.442089860399864,uganda
2021-01-24,kyoga,21880,23.906600436838087,uganda
2021-01-25,kyoga,20911,21.69542364618731,uganda
2021-01-26,kyoga,19302,21.21390130516814,uganda
2021-01-27,victoria,23213,20.824482400704692,uganda
2021-01-28,victoria,23840,21.651356121362646,uganda
2021-01-29,victoria,19656,20.60268420724997,uganda
2021-01-30,victoria,22913,16.80253376398604,uganda
2021-01-31,kyoga,23251,23.174874777194777,uganda
2021-02-01,victoria,23624,20.193462528347506,uganda
2021-02-02,victoria,21592,23.2931392818091,uganda
2021-02-03,kyoga,22370,23.347926862406975,uganda
2021-02-04,victoria,19913,20.763007383957852,uganda
2021-02-05,victoria,20605,23.843296722316317,uganda
2021-02-06,victoria,19376,21.274340482691258,uganda
2021-02-07,kyoga,22606,18.194460885157678,uganda
2021-02-08,kyoga,24833,23.99553442231276,uganda
2021-02-09,victoria,19667,17.78942828926319,uganda
2021-02-10,kyoga,24480,18.572398270330808,uganda
2021-02-11,victoria,20526,20.411083283061124,uganda
2021-02-12,kyoga,19897,21.17167355427774,uganda
2021-02-13,kyoga,18630,17.43804098807365,uganda
2021-02-14,victoria,22841,21.33226781306032,uganda
2021-02-15,victoria,23471,23.21796968499737,uganda
2021-02-16,victoria,20607,20.747418925048862,uganda
2021-02-17,victoria,20984,20.794669606731645,uganda
2021-02-18,victoria,23484,20.783267076107325,uganda
2021-02-19,victoria,23928,21.502859165821214,uganda
2021-02-20,kyoga,23572,20.22852555709066,uganda
2021-02-21,kyoga,20534,23.911433326323415,uganda
2021-02-22,kyoga,22209,18.123248293606956,uganda
2021-02-23,victoria,23408,22.997970016549175,uganda
2021-02-24,victoria,20464,23.711391701892214,uganda
2021-02-25,kyoga,30717,20.913405672975212,uganda
2021-02-26,victoria,18780,19.38634851996861,uganda
2021-02-27,kyoga,20896,23.343384858813373,uganda
2021-02-28,kyoga,22929,21.395846608990848,uganda
2021-03-01,kyoga,22489,20.1055419027124,uganda
2021-03-02,victoria,19443,21.952420351526865,uganda
2021-03-03,kyoga,22416,22.053861573926792,uganda
2021-03-04,victoria,31477,20.71465839947156,uganda
2021-03-05,victoria,22023,20.79380822118519,uganda
2021-03-06,victoria,27289,20.9615298160832,uganda
2021-03-07,kyoga,22393,15.242740501347004,uganda
2021-03-08,kyoga,24179,21.23969378080607,uganda
2021-03-09,victoria,23096,20.205191433155353,uganda
2021-03-10,victoria,24784,22.463694062893683,uganda
2021-03-11,kyoga,23890,23.040244381162637,uganda
2021-03-12,victoria,22238,21.23555997111615,uganda
2021-03-13,kyoga,20887,21.20535804170818,uganda
2021-03-14,victoria,22175,20.3882122311382,uganda
2021-03-15,victoria,38870,20.959755482949248,uganda
2021-03-16,victoria,20347,20.199394905080766,uganda
2021-03-17,kyoga,21841,21.12717636975932,uganda
2021-03-18,victoria,21172,22.699801618875316,uganda
2021-03-19,victoria,19100,19.211543734181838,uganda
2021-03-20,kyoga,25791,21.46782694763735,uganda
2021-03-21,kyoga,23027,22.641229029519074,uganda
2021-03-22,victoria,21370,20.65866352860235,uganda
2021-03-23,kyoga,17908,18.71992317302356,uganda
2021-03-24,victoria,24037,22.304773001891945,uganda
2021-03-25,victoria,24734,23.297503409281504,uganda
2021-03-26,victoria,20195,21.27687654436691,uganda
2021-03-27,victoria,20275,22.660100268451455,uganda
2021-03-28,victoria,19968,18.862426065759998,uganda
2021-03-29,kyoga,19976,19.070704825449308,uganda
2021-03-30,victoria,24395,23.874646689055425,uganda
2021-03-31,kyoga,20671,21.12438871408226,uganda
2021-04-01,kyoga,23876,21.472472107242083,uganda
2021-04-02,victoria,22294,23.496225589774106,uganda
2021-04-03,victoria,22583,22.204037248088195,uganda
2021-04-04,victoria,20851,22.283261632540423,uganda
2021-04-05,victoria,20212,23.569011134548212,uganda
2021-04-06,victoria,22107,23.89425440317531,uganda
2021-04-07,kyoga,18091,19.791313981841505,uganda
2021-04-08,victoria,23439,20.072339469220626,uganda
2021-04-09,victoria,24491,23.23449598143433,uganda
2021-04-10,victoria,22263,20.569949616966497,uganda
2021-04-11,victoria,24260,22.897722737338675,uganda
2021-04-12,kyoga,25051,22.28318702921263,uganda
2021-04-13,victoria,25554,21.757325874389583,uganda
2021-04-14,victoria,17759,18.430069487778873,uganda
2021-04-15,victoria,26476,23.891678129996592,uganda
2021-04-16,victoria,22821,20.670166331483706,uganda
2021-04-17,kyoga,22232,20.94054099278016,uganda
2021-04-18,kyoga,23595,20.3871099849485,uganda
2021-04-19,victoria,28426,20.86060969129977,uganda
2021-04-20,victoria,23831,22.310204893485924,uganda
2021-04-21,kyoga,22073,20.074416527612957,uganda
2021-04-22,kyoga,23787,21.40964139340366,uganda
2021-04-23,victoria,22540,20.408725919643775,uganda
2021-04-24,kyoga,22881,22.423501694802802,uganda
2021-04-25,victoria,22607,22.538600812163594,uganda
2021-04-26,victoria,26674,21.35962239926595,uganda
2021-04-27,victoria,18683,19.37970869684662,uganda
2021-04-28,kyoga,22483,23.046900155166355,uganda
2021-04-29,kyoga,20747,20.00486438007018,uganda
2021-04-30,kyoga,21128,22.175468413380532,uganda
2021-05-01,kyoga,20246,21.691026454078333,uganda
2021-05-02,kyoga,20380,20.54983662527037,uganda
2021-05-03,kyoga,25350,23.22567634029828,uganda
2021-05-04,victoria,21183,22.30519721948798,uganda
2021-05-05,kyoga,21519,21.234028530328324,uganda
2021-05-06,victoria,24433,22.994817315400518,uganda
2021-05-07,kyoga,23885,23.96387569466671,uganda
2021-05-08,victoria,20574,22.269514533698683,uganda
2021-05-09,kyoga,25147,21.96858951332452,uganda
2021-05-10,victoria,23890,23.849397020828516,uganda
2021-05-11,victoria,22342,22.20934224854577,uganda
2021-05-12,victoria,25290,23.974254191718547,uganda
2021-05-13,victoria,20695,22.050398556550043,uganda
2021-05-14,kyoga,22851,22.041242139821946,uganda
2021-05-15,victoria,22101,22.692329137850123,uganda
2021-05-16,kyoga,23856,23.71283229833141,uganda
2021-05-17,victoria,23529,21.106071305610524,uganda
2021-05-18,victoria,21686,23.515827654303912,uganda
2021-05-19,victoria,21082,21.59189657816897,uganda
2021-05-20,victoria,21580,21.93898923670099,uganda
2021-05-21,kyoga,23167,20.833406679976815,uganda
2021-05-22,kyoga,21328,22.193526555697723,uganda
2021-05-23,victoria,16839,21.695256158316234,uganda
2021-05-24,victoria,23783,20.92667375009323,uganda
2021-05-25,victoria,22366,22.750214944267768,uganda
2021-05-26,kyoga,23917,21.238959850605674,uganda
2021-05-27,victoria,21315,23.854283358807276,uganda
2021-05-28,kyoga,22511,23.539099488371267,uganda
2021-05-29,kyoga,22221,20.590534075704213,uganda
2021-05-30,kyoga,19952,20.039545066755444,uganda
2021-05-31,victoria,22361,23.014949506822152,uganda
2021-06-01,kyoga,23408,22.924989991221643,uganda
2021-06-02,victoria,22941,21.367985117793793,uganda
2021-06-03,kyoga,23820,23.761161911968692,uganda
2021-06-04,kyoga,24644,20.691010487954152,uganda
2021-06-05,kyoga,24737,22.177633679876003,uganda
2021-06-06,kyoga,25963,21.39161509733148,uganda
2021-06-07,victoria,27982,21.432964655164596,uganda
2021-06-08,victoria,23386,20.49383793441908,uganda
2021-06-09,victoria,23078,22.25403303631967,uganda
2021-06-10,victoria,17830,20.910170684901168,uganda
2021-06-11,kyoga,30303,21.052716030587103,uganda
2021-06-12,kyoga,22546,20.583826198486186,uganda
2021-06-13,kyoga,26230,22.39210756353592,uganda
2021-06-14,victoria,23497,21.68047124170553,uganda
2021-06-15,victoria,21619,22.077820271700492,uganda
2021-06-16,kyoga,26386,20.792869576489153,uganda
2021-06-17,victoria,23833,21.86578155910306,uganda
2021-06-18,kyoga,20937,23.614350906405114,uganda
2021-06-19,kyoga,24322,21.888695513253463,uganda
2021-06-20,kyoga,23025,13.936606941559358,uganda
2021-06-21,kyoga,21433,21.35541287225356,uganda
2021-06-22,victoria,24216,20.31184334387394,uganda
2021-06-23,kyoga,24787,20.72165666979288,uganda
2021-06-24,kyoga,21507,20.540783568694454,uganda
2021-06-25,kyoga,25872,21.370825152410525,uganda
2021-06-26,victoria,19600,21.442146827735087,uganda
2021-06-27,kyoga,23383,23.4358687308522,uganda
2021-06-28,victoria,24753,21.443042883439205,uganda
2021-06-29,kyoga,22952,15.684688615668295,uganda
2021-06-30,kyoga,31968,21.513128500610208,uganda
2021-07-01,kyoga,24951,20.169695551390888,uganda
2021-07-02,victoria,21979,20.28462836212982,uganda
2021-07-03,victoria,24844,20.60889641128229,uganda
2021-07-04,victoria,23202,21.221132130170638,uganda
2021-07-05,victoria,25749,23.85606951740575,uganda
2021-07-06,victoria,20988,21.922617320307648,uganda
2021-07-07,victoria,19107,20.56546610496281,uganda
2021-07-08,kyoga,20983,22.78804623581617,uganda
2021-07-09,victoria,23637,18.45666751914673,uganda
2021-07-10,kyoga,22636,20.952033991999247,uganda
2021-07-11,victoria,24204,23.977062380850235,uganda
2021-07-12,victoria,24716,23.063554863956615,uganda
2021-07-13,victoria,23972,23.852148909696986,uganda
2021-07-14,victoria,20628,23.321497926178424,uganda
2021-07-15,victoria,24194,21.0432235891583,uganda
2021-07-16,victoria,21106,21.79511207724117,uganda
2021-07-17,victoria,21374,21.35547198293623,uganda
2021-07-18,kyoga,24014,21.655746303637493,uganda
2021-07-19,kyoga,23216,21.44400256761913,uganda
2021-07-20,victoria,22846,20.605619410404323,uganda
2021-07-21,kyoga,21013,21.21691835606283,uganda
2021-07-22,victoria,23720,23.782997865274098,uganda
2021-07-23,victoria,21763,22.49404844307068,uganda
2021-07-24,victoria,21801,22.23288263971252,uganda
2021-07-25,kyoga,21339,21.138227699877717,uganda
2021-07-26,victoria,23204,21.56744222832898,uganda
2021-07-27,kyoga,27637,22.298071693918136,uganda
2021-07-28,kyoga,20046,22.937691803673168,uganda
2021-07-29,victoria,20317,22.131288653290785,uganda
2021-07-30,victoria,22805,20.22769804049858,uganda
2021-07-31,kyoga,22604,23.720780144810007,uganda
2021-08-01,kyoga,19012,20.571984566847295,uganda
2021-08-02,kyoga,18494,22.179260369843394,uganda
2021-08-03,victoria,20257,22.8763099279709,uganda
2021-08-04,victoria,19277,21.198430235721386,uganda
2021-08-05,victoria,22384,21.495768723261644,uganda
2021-08-06,victoria,21452,22.01171089041853,uganda
2021-08-07,kyoga,24626,21.75900428539502,uganda
2021-08-08,victoria,15863,21.254764740429422,uganda
2021-08-09,kyoga,19885,20.190342774490713,uganda
2021-08-10,kyoga,23925,21.791557003767455,uganda
2021-08-11,victoria,24624,23.37557903287132,uganda
2021-08-12,kyoga,21871,21.77124946319011,uganda
2021-08-13,victoria,22623,20.83034701921904,uganda
2021-08-14,victoria,21383,21.220762397978532,uganda
2021-08-15,kyoga,23051,21.974183142358733,uganda
2021-08-16,kyoga,33828,22.31120644838533,uganda
2021-08-17,victoria,22735,21.490372796404692,uganda
2021-08-18,victoria,22355,21.94739604615181,uganda
2021-08-19,victoria,19153,18.281941409496625,uganda
2021-08-20,victoria,21837,21.402731926517006,uganda
2021-08-21,victoria,21619,21.90851992181549,uganda
2021-08-22,victoria,24444,23.71701173061917,uganda
2021-08-23,kyoga,19863,20.150813654464574,uganda
2021-08-24,kyoga,25009,23.739132554109872,uganda
2021-08-25,victoria,18903,21.008050070044185,uganda
2021-08-26,victoria,24988,23.168150011676538,uganda
2021-08-27,kyoga,20413,20.42344622777545,uganda
2021-08-28,kyoga,24214,21.540382206834522,uganda
2021-08-29,kyoga,26425,22.48709830647548,uganda
2021-08-30,kyoga,21789,20.134783446064045,uganda
2021-08-31,kyoga,20876,20.12412106820385,uganda
2021-09-01,victoria,22648,20.045454900872745,uganda
2021-09-02,victoria,21287,23.82027320434162,uganda
2021-09-03,victoria,23399,20.36189453202794,uganda
2021-09-04,victoria,26590,21.766321231629345,uganda
2021-09-05,victoria,21779,22.849655454559397,uganda
2021-09-06,kyoga,24128,21.68595101393499,uganda
2021-09-07,victoria,24897,22.398667057055498,uganda
2021-09-08,kyoga,18093,18.74276684613378,uganda
2021-09-09,kyoga,26153,21.665089330941537,uganda
2021-09-10,victoria,25501,23.538761196941444,uganda
2021-09-11,kyoga,22743,23.238007211549974,uganda
2021-09-12,victoria,22164,22.44187553862016,uganda
2021-09-13,kyoga,23232,21.303750716416307,uganda
2021-09-14,victoria,24171,20.286416147398654,uganda
2021-09-15,kyoga,21491,21.125699307825027,uganda
2021-09-16,victoria,24314,21.073850798315707,uganda
2021-09-17,kyoga,21012,21.499421172662693,uganda
2021-09-18,kyoga,24848,22.300124477830646,uganda
2021-09-19,victoria,20963,20.11973432842702,uganda
2021-09-20,victoria,24557,20.77703963891885,uganda
2021-09-21,victoria,20059,22.117675381914534,uganda
2021-09-22,victoria,25811,23.675866787926527,uganda
2021-09-23,kyoga,24650,22.72359800200318,uganda
2021-09-24,kyoga,22673,21.547040043937457,uganda
2021-09-25,kyoga,21508,23.205088356653548,uganda
2021-09-26,kyoga,22519,23.589175098622157,uganda
2021-09-27,victoria,22683,21.486877920093768,uganda
2021-09-28,victoria,24254,20.92159374235318,uganda
2021-09-29,kyoga,26005,21.862921424046508,uganda
2021-09-30,kyoga,21499,20.01284707146357,uganda
2021-10-01,kyoga,20698,20.822307938794477,uganda
2021-10-02,kyoga,24147,23.607607109283,uganda
2021-10-03,kyoga,25132,22.430365520370508,uganda
2021-10-04,victoria,19312,17.615864679710306,uganda
2021-10-05,victoria,22716,21.338971573662715,uganda
2021-10-06,victoria,22074,23.236347849677596,uganda
2021-10-07,kyoga,20573,22.699657924636483,uganda
2021-10-08,kyoga,25737,23.57730526448841,uganda
2021-10-09,victoria,22124,22.984829278285076,uganda
2021-10-10,kyoga,25037,22.376083827446553,uganda
2021-10-11,victoria,18552,21.11005719559332,uganda
2021-10-12,victoria,22388,22.917861888734723,uganda
2021-10-13,kyoga,21119,20.387812031959996,uganda
2021-10-14,kyoga,22843,20.406132543324293,uganda
2021-10-15,victoria,22568,23.44259329694284,uganda
2021-10-16,victoria,19908,18.157378459716394,uganda
2021-10-17,kyoga,20310,22.275020381570204,uganda
2021-10-18,kyoga,22632,21.301419162586914,uganda
2021-10-19,victoria,25326,22.43848089336796,uganda
2021-10-20,victoria,23161,21.89823668812711,uganda
2021-10-21,victoria,22186,21.81750199881956,uganda
2021-10-22,victoria,23241,22.483355671927658,uganda
2021-10-23,victoria,22780,22.044872472147553,uganda
2021-10-24,kyoga,23142,23.83022837684407,uganda
2021-10-25,victoria,22412,23.980996211818216,uganda
2021-10-26,kyoga,25101,22.689597780709768,uganda
2021-10-27,victoria,26892,23.461479269076065,uganda
2021-10-28,kyoga,22432,21.960570416785377,uganda
2021-10-29,victoria,23039,23.923382487014575,uganda
2021-10-30,victoria,21593,21.10001105882475,uganda
2021-10-31,kyoga,22745,21.340125069156358,uganda
2021-11-01,kyoga,24088,21.240048133551678,uganda
2021-11-02,victoria,22473,23.539444862449592,uganda
2021-11-03,victoria,23005,23.96567807466572,uganda
2021-11-04,kyoga,19018,19.061108211805724,uganda
2021-11-05,victoria,22401,21.2227410752307,uganda
2021-11-06,victoria,23633,20.041918638743933,uganda
2021-11-07,kyoga,23163,23.294912286229877,uganda
2021-11-08,kyoga,23383,20.7514415182399,uganda
2021-11-09,kyoga,20013,23.465932180320497,uganda
2021-11-10,kyoga,24603,20.428699335787122,uganda
2021-11-11,victoria,23749,21.49826638440489,uganda
2021-11-12,kyoga,16616,19.353463506322782,uganda
2021-11-13,victoria,21157,20.933455040375364,uganda
2021-11-14,victoria,23136,21.372537256324367,uganda
2021-11-15,kyoga,21804,23.480973261059304,uganda
2021-11-16,kyoga,25159,21.06565997469587,uganda
2021-11-17,kyoga,23710,20.334099217444493,uganda
2021-11-18,kyoga,24716,21.042948182611426,uganda
2021-11-19,victoria,20611,23.51176968732666,uganda
2021-11-20,kyoga,36624,20.52855321177553,uganda
2021-11-21,victoria,23144,20.201594076526778,uganda
2021-11-22,victoria,22225,22.369139706871753,uganda
2021-11-23,kyoga,21869,21.895983579207115,uganda
2021-11-24,victoria,22020,23.412641450150588,uganda
2021-11-25,victoria,22911,21.90025951335866,uganda
2021-11-26,kyoga,17288,19.73001092137507,uganda
2021-11-27,kyoga,24015,22.214175528572014,uganda
2021-11-28,victoria,21660,21.659137670627278,uganda
2021-11-29,kyoga,23502,23.423185369733645,uganda
2021-11-30,kyoga,21348,23.758872718521854,uganda
2021-12-01,victoria,23048,21.159486655676744,uganda
2021-12-02,victoria,22963,20.883837888995398,uganda
2021-12-03,kyoga,25730,20.854837457971787,uganda
2021-12-04,kyoga,20945,23.565977969870676,uganda
2021-12-05,kyoga,18793,17.509166609373196,uganda
2021-12-06,victoria,23152,22.256644781896643,uganda
2021-12-07,kyoga,21293,23.282574059601263,uganda
2021-12-08,victoria,23206,22.99019567379604,uganda
2021-12-09,kyoga,22897,22.383313970701998,uganda
2021-12-10,victoria,24072,21.323419371789758,uganda
2021-12-11,kyoga,23695,12.074313925154947,uganda
2021-12-12,victoria,22344,23.023939000365967,uganda
2021-12-13,kyoga,16148,21.814330322009937,uganda
2021-12-14,victoria,22768,21.449710397194945,uganda
2021-12-15,kyoga,23065,20.574224436203295,uganda
2021-12-16,victoria,22142,23.48654402269456,uganda
2021-12-17,victoria,20595,23.79053377639364,uganda
2021-12-18,victoria,25944,20.46246877211719,uganda
2021-12-19,victoria,19630,20.281920278906977,uganda
2021-12-20,kyoga,22481,20.41346275831615,uganda
2021-12-21,victoria,22740,23.90927045178345,uganda
2021-12-22,kyoga,22750,22.68356220988234,uganda
2021-12-23,kyoga,19518,21.901588055277273,uganda
2021-12-24,victoria,18787,19.566841916351965,uganda
2021-12-25,kyoga,19470,21.573297128131347,uganda
2021-12-26,victoria,23512,23.607682003810126,uganda
2021-12-27,victoria,22542,23.73918298827065,uganda
2021-12-28,victoria,24646,21.977510843761475,uganda
2021-12-29,victoria,25610,23.03314614379599,uganda
2021-12-30,kyoga,23178,22.304225002418754,uganda
2021-12-31,victoria,21968,21.913083170833374,uganda
2022-01-01,kyoga,21418,20.498822650723657,uganda
2022-01-02,kyoga,20820,21.811880349236375,uganda
2022-01-03,kyoga,20644,23.448104433164467,uganda
2022-01-04,victoria,22553,21.113594524541927,uganda
2022-01-05,kyoga,20011,23.310693189191998,uganda
2022-01-06,kyoga,21359,20.925420223764256,uganda
2022-01-07,victoria,20885,22.67474018359266,uganda
2022-01-08,kyoga,20709,22.099747024742605,uganda
2022-01-09,victoria,22599,20.629169191255123,uganda
2022-01-10,kyoga,19367,20.929065036982696,uganda
2022-01-11,victoria,24037,21.72454436868636,uganda
2022-01-12,kyoga,22319,22.09845839539306,uganda
2022-01-13,kyoga,21358,20.906821041858873,uganda
2022-01-14,victoria,22009,21.811450326289254,uganda
2022-01-15,kyoga,20829,22.54180757630416,uganda
2022-01-16,kyoga,21924,22.69967891965829,uganda
2022-01-17,victoria,22070,22.52328140653711,uganda
2022-01-18,victoria,22502,22.492192390121097,uganda
2022-01-19,kyoga,22040,21.44997896236613,uganda
2022-01-20,kyoga,20871,23.31210267304271,uganda
2022-01-21,victoria,25475,20.655222782277896,uganda
2022-01-22,victoria,23947,21.259166935841797,uganda
2022-01-23,kyoga,19877,18.843579462866998,uganda
2022-01-24,kyoga,20228,22.069386401197043,uganda
2022-01-25,victoria,19348,20.025132264122934,uganda
2022-01-26,kyoga,20080,21.93991699644497,uganda
2022-01-27,kyoga,23838,21.00803533385445,uganda
2022-01-28,kyoga,24071,23.561499955973414,uganda
2022-01-29,kyoga,22483,21.466241164619547,uganda
2022-01-30,victoria,23226,22.10943276889339,uganda
2022-01-31,victoria,22844,23.23582204879806,uganda
2022-02-01,kyoga,27475,23.67530702671816,uganda
2022-02-02,victoria,23049,23.165370939791995,uganda
2022-02-03,kyoga,23504,22.805016367742674,uganda
2022-02-04,victoria,25884,21.555208431051334,uganda
2022-02-05,victoria,22967,23.626657089706537,uganda
2022-02-06,victoria,20315,21.052480769082553,uganda
2022-02-07,victoria,22604,21.997858649174518,uganda
2022-02-08,kyoga,25782,20.903959940070628,uganda
2022-02-09,victoria,23068,22.731128291208652,uganda
2022-02-10,victoria,21259,22.13699100738229,uganda
2022-02-11,victoria,21471,20.367349738068853,uganda
2022-02-12,kyoga,23002,23.17673847528725,uganda
2022-02-13,kyoga,20432,22.974254009008416,uganda
2022-02-14,victoria,18141,19.96754172260703,uganda
2022-02-15,kyoga,22254,23.519149485254427,uganda
2022-02-16,victoria,23562,21.315178698023594,uganda
2022-02-17,kyoga,21816,22.951436920396556,uganda
2022-02-18,kyoga,24700,21.230320529566058,uganda
2022-02-19,kyoga,24655,20.32979059182062,uganda
2022-02-20,kyoga,20774,21.50553106643767,uganda
2022-02-21,kyoga,22673,22.45683432903834,uganda
2022-02-22,kyoga,21244,20.952956563823797,uganda
2022-02-23,kyoga,19689,19.51616115695984,uganda
2022-02-24,victoria,22381,22.40975865733836,uganda
2022-02-25,kyoga,23252,21.092718911356034,uganda
2022-02-26,victoria,24595,23.77574981836722,uganda
2022-02-27,victoria,26126,22.40469489797582,uganda
2022-02-28,victoria,21833,20.17765011858298,uganda
2022-03-01,victoria,21554,20.843483261443893,uganda
2022-03-02,victoria,20374,20.933367127952533,uganda
2022-03-03,victoria,19467,21.52085301582927,uganda
2022-03-04,kyoga,19197,21.90874480086701,uganda
2022-03-05,victoria,19784,20.648054146796078,uganda
2022-03-06,victoria,23019,23.95305378124141,uganda
2022-03-07,victoria,24689,22.59425068127682,uganda
2022-03-08,victoria,25243,23.576570346479755,uganda
2022-03-09,victoria,22594,23.48183436040886,uganda
2022-03-10,kyoga,23604,22.250858236384097,uganda
2022-03-11,kyoga,22387,22.074763668871128,uganda
2022-03-12,victoria,20405,15.943901281097833,uganda
2022-03-13,victoria,21194,20.806936571021716,uganda
2022-03-14,kyoga,22014,23.274602377993723,uganda
2022-03-15,kyoga,30878,22.094683733980798,uganda
2022-03-16,victoria,20875,17.8973245046,uganda
2022-03-17,victoria,24832,23.90415820814734,uganda
2022-03-18,kyoga,24177,21.120154351794042,uganda
2022-03-19,victoria,23691,20.032886810552625,uganda
2022-03-20,victoria,22071,23.24723457365695,uganda
2022-03-21,victoria,24066,22.606257371603864,uganda
2022-03-22,kyoga,22352,21.334414539456077,uganda
2022-03-23,kyoga,22157,22.71551568208037,uganda
2022-03-24,victoria,22245,23.291280766983064,uganda
2022-03-25,kyoga,21080,21.396871346568243,uganda
2022-03-26,kyoga,22232,20.901173421750087,uganda
2022-03-27,victoria,22914,23.73827922836041,uganda
2022-03-28,kyoga,21338,21.30428139032238,uganda
2022-03-29,victoria,22950,16.838185398066358,uganda
2022-03-30,victoria,22757,20.96190065790001,uganda
2022-03-31,kyoga,21899,22.143630199294595,uganda
2022-04-01,kyoga,24590,21.322335794872032,uganda
2022-04-02,kyoga,21356,22.14943895744915,uganda
2022-04-03,kyoga,25189,22.720113987888496,uganda
2022-04-04,kyoga,25600,22.817822417946356,uganda
2022-04-05,kyoga,23205,20.15553158700212,uganda
2022-04-06,victoria,23584,21.674945128215533,uganda
2022-04-07,victoria,22809,21.051182400920656,uganda
2022-04-08,victoria,22679,21.545367980243874,uganda
2022-04-09,kyoga,21442,20.49971160862395,uganda
2022-04-10,victoria,21900,21.896849549857627,uganda
2022-04-11,kyoga,20269,23.60804460896792,uganda
2022-04-12,kyoga,20104,23.024524279030487,uganda
2022-04-13,kyoga,24736,20.299511233288012,uganda
2022-04-14,kyoga,21973,23.654894150111797,uganda
2022-04-15,victoria,26204,21.134472552797234,uganda
2022-04-16,victoria,26103,22.085308385668412,uganda
2022-04-17,kyoga,26077,14.520216562123343,uganda
2022-04-18,victoria,19758,19.046493441268588,uganda
2022-04-19,kyoga,21305,21.410117716705475,uganda
2022-04-20,victoria,23576,21.706448187821337,uganda
2022-04-21,kyoga,23665,20.993015294349256,uganda
2022-04-22,victoria,20570,22.908568588723096,uganda
2022-04-23,victoria,25124,22.80883205193868,uganda
2022-04-24,victoria,22699,21.31113200806798,uganda
2022-04-25,victoria,21979,23.660123015266695,uganda
2022-04-26,victoria,22675,21.715782614051903,uganda
2022-04-27,kyoga,23445,21.591376775768744,uganda
2022-04-28,kyoga,24040,23.10736257652489,uganda
2022-04-29,victoria,19948,19.526174860130038,uganda
2022-04-30,kyoga,21765,21.21236273965951,uganda
2022-05-01,kyoga,22211,21.588362503354574,uganda
2022-05-02,kyoga,21502,20.35147547233263,uganda
2022-05-03,kyoga,23445,21.193184961394778,uganda
2022-05-04,kyoga,23757,20.549087522193116,uganda
2022-05-05,kyoga,24452,23.238633204763964,uganda
2022-05-06,kyoga,28081,22.019545521931406,uganda
2022-05-07,victoria,20517,23.95572059743851,uganda
2022-05-08,kyoga,23757,23.35169341011858,uganda
2022-05-09,kyoga,23616,22.106111715561557,uganda
2022-05-10,victoria,21987,20.304339432403193,uganda
2022-05-11,victoria,19843,20.872041013349655,uganda
2022-05-12,victoria,19837,20.08305408213345,uganda
2022-05-13,kyoga,23402,22.85162359644437,uganda
2022-05-14,kyoga,23607,22.033018009431483,uganda
2022-05-15,kyoga,18222,19.419087393002215,uganda
2022-05-16,kyoga,22247,20.15172398800012,uganda
2022-05-17,victoria,22388,20.036255078735365,uganda
2022-05-18,kyoga,21951,21.221198794791757,uganda
2022-05-19,victoria,21886,22.21397562132067,uganda
2022-05-20,victoria,24728,21.006294457550354,uganda
2022-05-21,kyoga,21562,21.480336277766295,uganda
2022-05-22,kyoga,28632,23.717986685310702,uganda
2022-05-23,victoria,24822,21.309284396019773,uganda
2022-05-24,kyoga,23270,22.575674115358535,uganda
2022-05-25,kyoga,21664,23.981587755690917,uganda
2022-05-26,victoria,26436,23.134842869057206,uganda
2022-05-27,victoria,26141,20.38615005821232,uganda
2022-05-28,victoria,23811,22.627535064899636,uganda
2022-05-29,kyoga,24898,22.42207991698612,uganda
2022-05-30,victoria,24418,23.790598704123177,uganda
2022-05-31,victoria,21813,23.862320966879714,uganda
2022-06-01,victoria,24039,22.434272055071595,uganda
2022-06-02,victoria,20653,23.196815366568693,uganda
2022-06-03,kyoga,23872,21.169689312852018,uganda
2022-06-04,victoria,22419,20.427149761858104,uganda
2022-06-05,victoria,21125,20.308711684551312,uganda
2022-06-06,victoria,22615,23.65351124624973,uganda
2022-06-07,victoria,21958,20.931557728510366,uganda
2022-06-08,victoria,20440,21.040094556708336,uganda
2022-06-09,victoria,23011,20.979785622707716,uganda
2022-06-10,kyoga,20326,21.65659162305054,uganda
2022-06-11,victoria,24176,21.554360753101285,uganda
2022-06-12,kyoga,28972,20.454462800256177,uganda
2022-06-13,kyoga,21503,15.691215270015935,uganda
2022-06-14,kyoga,21354,23.448484682492925,uganda
2022-06-15,victoria,22801,22.477696981865446,uganda
2022-06-16,victoria,22385,22.74438312508301,uganda
2022-06-17,victoria,22963,23.926229177546716,uganda
2022-06-18,kyoga,21198,20.100010832368152,uganda
2022-06-19,victoria,23580,23.975412754563457,uganda
2022-06-20,kyoga,21159,22.537975111086613,uganda
2022-06-21,kyoga,22574,22.85506494118426,uganda
2022-06-22,victoria,23136,23.34451134787907,uganda
2022-06-23,victoria,25060,20.687329058747864,uganda
2022-06-24,kyoga,19216,21.12697771828006,uganda
2022-06-25,victoria,19616,18.58682154540073,uganda
2022-06-26,kyoga,25833,20.565492352364558,uganda
2022-06-27,victoria,24516,22.17130482616501,uganda
2022-06-28,kyoga,25494,20.50721852292886,uganda
2022-06-29,kyoga,23357,22.9671046874094,uganda
2022-06-30,victoria,21407,22.317121238714144,uganda
2022-07-01,victoria,22413,21.941923582444197,uganda
2022-07-02,kyoga,18555,7.121631360627584,uganda
2022-07-03,victoria,21604,23.347317715119882,uganda
2022-07-04,kyoga,26597,23.497699005470707,uganda
2022-07-05,kyoga,24159,22.341271143388745,uganda
2022-07-06,kyoga,18281,20.964763935246385,uganda
2022-07-07,victoria,22998,22.990093735222896,uganda
2022-07-08,victoria,23498,23.598812260189185,uganda
2022-07-09,victoria,21902,23.114213064595006,uganda
2022-07-10,victoria,23872,23.941846267457823,uganda
2022-07-11,victoria,23888,21.029761198485282,uganda
2022-07-12,victoria,24178,22.2072661678036,uganda
2022-07-13,kyoga,20539,20.629651057768726,uganda
2022-07-14,victoria,23613,21.36532609731022,uganda
2022-07-15,kyoga,25082,22.283367042714602,uganda
2022-07-16,kyoga,24356,20.81626473413,uganda
2022-07-17,victoria,22482,23.55073530419193,uganda
2022-07-18,kyoga,18833,19.798308309496395,uganda
2022-07-19,kyoga,19257,18.0810378021605,uganda
2022-07-20,kyoga,23067,22.05606419748365,uganda
2022-07-21,kyoga,22816,23.25601577854955,uganda
2022-07-22,victoria,21166,20.393878988636367,uganda
2022-07-23,victoria,22803,22.0407690319676,uganda
2022-07-24,victoria,20875,20.338668764516047,uganda
2022-07-25,victoria,26453,21.03944075386914,uganda
2022-07-26,victoria,22767,20.52295947674295,uganda
2022-07-27,victoria,21606,22.183567836325683,uganda
2022-07-28,kyoga,22070,23.337964528792867,uganda
2022-07-29,kyoga,23400,21.783954691000375,uganda
2022-07-30,kyoga,23059,22.947066848935275,uganda
2022-07-31,kyoga,22132,21.41497798969341,uganda
2022-08-01,victoria,25164,22.439192908955494,uganda
2022-08-02,victoria,22971,22.97244041527059,uganda
2022-08-03,victoria,22846,23.877656288218724,uganda
2022-08-04,victoria,22670,21.3435224510159,uganda
2022-08-05,victoria,25360,20.68169832578026,uganda
2022-08-06,kyoga,25638,23.379027071124895,uganda
2022-08-07,kyoga,22229,21.63026321381101,uganda
2022-08-08,victoria,22218,20.506006231605355,uganda
2022-08-09,kyoga,21807,23.60288291244695,uganda
2022-08-10,kyoga,24713,21.398030719998395,uganda
2022-08-11,victoria,19154,20.98050910551167,uganda
2022-08-12,kyoga,22211,22.517285837396994,uganda
2022-08-13,kyoga,21927,20.76205426939564,uganda
2022-08-14,victoria,26043,23.874756274381877,uganda
2022-08-15,kyoga,19652,21.980665361345668,uganda
2022-08-16,kyoga,22312,23.537520213212172,uganda
2022-08-17,kyoga,18914,18.956107091706777,uganda
2022-08-18,kyoga,22374,21.502771722735304,uganda
2022-08-19,victoria,23623,23.93905663592322,uganda
2022-08-20,kyoga,22204,21.389958540256362,uganda
2022-08-21,kyoga,26038,23.905953341771205,uganda
2022-08-22,victoria,20202,23.909493946778504,uganda
2022-08-23,kyoga,21777,23.343642436056058,uganda
2022-08-24,kyoga,25379,22.338721455011807,uganda
2022-08-25,kyoga,23342,23.282662664660393,uganda
2022-08-26,kyoga,20226,22.067382317973966,uganda
2022-08-27,kyoga,21666,22.095118176914173,uganda
2022-08-28,victoria,20903,20.239257114745424,uganda
2022-08-29,victoria,26951,20.069054050507013,uganda
2022-08-30,kyoga,22118,22.929963898578965,uganda
2022-08-31,victoria,20648,23.647261512921883,uganda
2022-09-01,kyoga,24719,23.732018737514924,uganda
2022-09-02,victoria,18944,18.236249431588455,uganda
2022-09-03,victoria,23297,23.430663583010844,uganda
2022-09-04,kyoga,24220,23.976538928546354,uganda
2022-09-05,victoria,19902,22.259615014219115,uganda
2022-09-06,victoria,24460,23.163104104516055,uganda
2022-09-07,victoria,21483,23.656497416666063,uganda
2022-09-08,victoria,22194,21.199786298867444,uganda
2022-09-09,kyoga,24201,21.52396316863478,uganda
2022-09-10,kyoga,24317,22.3567613009614,uganda
2022-09-11,victoria,21492,21.099989900790955,uganda
2022-09-12,kyoga,23913,23.262689219277906,uganda
2022-09-13,victoria,19044,20.409615484930995,uganda
2022-09-14,victoria,23660,21.69962831381251,uganda
2022-09-15,kyoga,19576,21.493291034601885,uganda
2022-09-16,victoria,22729,20.914168622365445,uganda
2022-09-17,kyoga,18557,20.221651420303218,uganda
2022-09-18,victoria,23804,21.032129973750102,uganda
2022-09-19,kyoga,23268,22.626404062957704,uganda
2022-09-20,victoria,24031,22.58314967077054,uganda
2022-09-21,kyoga,23034,20.923942601242214,uganda
2022-09-22,kyoga,21469,22.272766827169395,uganda
2022-09-23,victoria,24390,21.54780737681118,uganda
2022-09-24,victoria,18611,18.932260707169007,uganda
2022-09-25,kyoga,25964,22.15025757060413,uganda
2022-09-26,kyoga,21083,23.504346455794764,uganda
2022-09-27,victoria,22482,22.97096182963915,uganda
2022-09-28,kyoga,20140,21.89600793438084,uganda
2022-09-29,kyoga,23572,22.61771116723845,uganda
2022-09-30,kyoga,26837,21.542216240500416,uganda
2022-10-01,victoria,24025,23.76594241109319,uganda
2022-10-02,kyoga,19991,22.129310606133814,uganda
2022-10-03,victoria,21984,23.022654847241093,uganda
2022-10-04,victoria,25307,22.525573893406765,uganda
2022-10-05,victoria,20948,22.07707624611791,uganda
2022-10-06,victoria,24797,21.140605472810833,uganda
2022-10-07,victoria,24003,23.629446585701626,uganda
2022-10-08,kyoga,22068,20.566639468637483,uganda
2022-10-09,kyoga,21554,23.490561174954472,uganda
2022-10-10,victoria,20463,20.734966415266012,uganda
2022-10-11,kyoga,25035,22.634712884713498,uganda
2022-10-12,victoria,22991,22.933034285268434,uganda
2022-10-13,victoria,22225,21.15449473072975,uganda
2022-10-14,victoria,22789,21.706350293662823,uganda
2022-10-15,kyoga,23499,20.111860482745296,uganda
2022-10-16,victoria,24490,20.74547999894945,uganda
2022-10-17,kyoga,21353,22.326661621844117,uganda
2022-10-18,kyoga,22639,21.624322734237886,uganda
2022-10-19,kyoga,19823,21.477001810652006,uganda
2022-10-20,victoria,25450,23.56169809676196,uganda
2022-10-21,kyoga,20164,20.180148733859017,uganda
2022-10-22,victoria,23284,20.888903092599968,uganda
2022-10-23,kyoga,24840,22.761963283541622,uganda
2022-10-24,victoria,20334,21.421902726137727,uganda
2022-10-25,victoria,23354,22.067542878122634,uganda
2022-10-26,kyoga,20315,22.719348535846283,uganda
2022-10-27,victoria,20916,20.34522683148367,uganda
2022-10-28,victoria,26544,20.139337343702152,uganda
2022-10-29,victoria,24796,21.681547640075213,uganda
2022-10-30,victoria,22925,20.07238042557444,uganda
2022-10-31,kyoga,19802,19.53832775373874,uganda
2022-11-01,victoria,21072,22.482346286503255,uganda
2022-11-02,victoria,20821,22.390749196698916,uganda
2022-11-03,victoria,21924,23.05794952614633,uganda
2022-11-04,victoria,37213,22.097068483594107,uganda
2022-11-05,victoria,24499,23.431737540673375,uganda
2022-11-06,victoria,24304,21.079683024344057,uganda
2022-11-07,kyoga,20563,23.81039720876648,uganda
2022-11-08,kyoga,20149,23.11724070972447,uganda
2022-11-09,victoria,22020,21.973086589483763,uganda
2022-11-10,victoria,25044,21.838152340320825,uganda
2022-11-11,kyoga,20822,21.162826003666346,uganda
2022-11-12,kyoga,22010,23.963620227355428,uganda
2022-11-13,victoria,23229,20.74784833371238,uganda
2022-11-14,victoria,19460,20.931742074421873,uganda
2022-11-15,victoria,23190,22.790796461291002,uganda
2022-11-16,kyoga,20605,21.743420357576248,uganda
2022-11-17,victoria,22167,20.56882941430043,uganda
2022-11-18,kyoga,23998,22.35741437352256,uganda
2022-11-19,victoria,23154,23.7269496441533,uganda
2022-11-20,victoria,24348,22.27140230704818,uganda
2022-11-21,kyoga,24955,23.315000796800113,uganda
2022-11-22,victoria,27274,22.36978859389716,uganda
2022-11-23,kyoga,24468,20.60114664804858,uganda
2022-11-24,kyoga,22192,22.116195546062706,uganda
2022-11-25,victoria,22899,21.3514691285637,uganda
2022-11-26,kyoga,25853,22.07128632873912,uganda
2022-11-27,kyoga,21957,18.623038592211437,uganda
2022-11-28,victoria,24563,23.77928024991625,uganda
2022-11-29,victoria,24061,23.707480597484523,uganda
2022-11-30,victoria,24983,21.783487647307503,uganda
2022-12-01,kyoga,17504,19.640758435117036,uganda
2022-12-02,victoria,24850,21.221805020409782,uganda
2022-12-03,kyoga,22669,20.47011537277004,uganda
2022-12-04,kyoga,20580,20.747219963322216,uganda
2022-12-05,victoria,26897,20.900064380514497,uganda
2022-12-06,victoria,22882,22.891154700921188,uganda
2022-12-07,victoria,17910,20.415805948864183,uganda
2022-12-08,victoria,22663,23.32894609459602,uganda
2022-12-09,victoria,21567,21.741070603625538,uganda
2022-12-10,victoria,19228,20.84075447825546,uganda
2022-12-11,victoria,23425,11.515185319535675,uganda
2022-12-12,victoria,23208,23.40415733957735,uganda
2022-12-13,kyoga,26224,20.700048014713733,uganda
2022-12-14,victoria,25602,22.099708880417523,uganda
2022-12-15,kyoga,26545,22.209555217460853,uganda
2022-12-16,victoria,21103,21.873456125796096,uganda
2022-12-17,kyoga,24060,20.0138005132243,uganda
2022-12-18,kyoga,18218,22.39771965646083,uganda
2022-12-19,kyoga,21046,21.135739400672644,uganda
2022-12-20,victoria,22397,23.712421825405972,uganda
2022-12-21,kyoga,23683,21.706416097510402,uganda
2022-12-22,victoria,20114,23.417375817743498,uganda
2022-12-23,kyoga,23419,20.901088559767537,uganda
2022-12-24,victoria,24102,20.630133536885673,uganda
2022-12-25,kyoga,20953,12.684876351404757,uganda
2022-12-26,kyoga,24488,23.843855816159216,uganda
2022-12-27,victoria,21063,22.05899957415092,uganda
2022-12-28,victoria,23074,23.59796004137198,uganda
2022-12-29,kyoga,18145,17.72694567612733,uganda
2022-12-30,victoria,24826,23.142559949139436,uganda
2022-12-31,kyoga,23221,20.16343558860008,uganda
2023-01-01,victoria,24690,22.427252265588145,uganda
2023-01-02,kyoga,19742,20.495082018599273,uganda
2023-01-03,kyoga,21753,22.25289715457944,uganda
2023-01-04,kyoga,22134,22.115462422623494,uganda
2023-01-05,kyoga,23426,22.147511401593917,uganda
2023-01-06,victoria,22776,22.62923689742969,uganda
2023-01-07,kyoga,21093,20.23620870027611,uganda
2023-01-08,kyoga,18073,19.507325071814105,uganda
2023-01-09,kyoga,23257,21.362102313831556,uganda
2023-01-10,victoria,22136,22.74962297928774,uganda
2023-01-11,victoria,25272,21.511498865568168,uganda
2023-01-12,kyoga,27027,20.8916005091234,uganda
2023-01-13,kyoga,24447,23.154524094152936,uganda
2023-01-14,kyoga,24140,23.710182392849333,uganda
2023-01-15,kyoga,21756,21.95771025686958,uganda
2023-01-16,victoria,23435,21.506820310187443,uganda
2023-01-17,victoria,20966,21.570784866509605,uganda
2023-01-18,victoria,18594,19.741245549059236,uganda
2023-01-19,victoria,23074,22.18639879458253,uganda
2023-01-20,kyoga,21255,23.410935357347793,uganda
2023-01-21,kyoga,23002,20.695927659439374,uganda
2023-01-22,kyoga,21763,22.878931131717824,uganda
2023-01-23,victoria,24849,20.088742478650808,uganda
2023-01-24,victoria,22639,21.56187931959504,uganda
2023-01-25,victoria,22110,22.164735606752465,uganda
2023-01-26,victoria,21942,20.299474547139027,uganda
2023-01-27,victoria,18294,18.300828132466037,uganda
2023-01-28,kyoga,24351,23.028765894080507,uganda
2023-01-29,victoria,22774,22.59626543474589,uganda
2023-01-30,victoria,20666,20.164465258983086,uganda
2023-01-31,victoria,17741,20.87330191642099,uganda
2023-02-01,victoria,23056,22.972430370211907,uganda
2023-02-02,kyoga,24572,22.74261170260367,uganda
2023-02-03,kyoga,23743,21.05494169950388,uganda
2023-02-04,kyoga,20790,20.12861312057977,uganda
2023-02-05,victoria,20084,23.988945613680297,uganda
2023-02-06,kyoga,22970,20.076848301152406,uganda
2023-02-07,victoria,23307,20.634805224851373,uganda
2023-02-08,kyoga,21078,22.11664875671098,uganda
2023-02-09,victoria,20280,21.68061125268116,uganda
2023-02-10,victoria,24542,22.016212222913417,uganda
2023-02-11,kyoga,20944,20.188609612887877,uganda
2023-02-12,kyoga,25893,21.25302738727834,uganda
2023-02-13,kyoga,22710,21.164648807500228,uganda
2023-02-14,kyoga,22039,22.299932877603737,uganda
2023-02-15,kyoga,19359,21.983467848558668,uganda
2023-02-16,kyoga,20793,22.916516497522533,uganda
2023-02-17,kyoga,21307,21.880217420192004,uganda
2023-02-18,kyoga,26943,22.83957327996265,uganda
2023-02-19,kyoga,21177,23.047174148322114,uganda
2023-02-20,victoria,21952,21.265251299401037,uganda
2023-02-21,victoria,22845,21.31708895476153,uganda
2023-02-22,kyoga,19788,19.227927174780202,uganda
2023-02-23,victoria,21265,23.70707924570402,uganda
2023-02-24,victoria,22700,21.57955144692735,uganda
2023-02-25,victoria,24959,21.85600262739396,uganda
2023-02-26,kyoga,21839,21.853855348243137,uganda
2023-02-27,kyoga,21272,22.314149312173726,uganda
2023-02-28,victoria,18936,18.06929937662788,uganda
2023-03-01,victoria,19215,22.154275961381405,uganda
2023-03-02,kyoga,23617,22.24549700009515,uganda
2023-03-03,victoria,21864,20.32025942595923,uganda
2023-03-04,victoria,23084,21.22811605123109,uganda
2023-03-05,kyoga,22611,22.756533343688584,uganda
2023-03-06,kyoga,23282,23.024347680695193,uganda
2023-03-07,kyoga,24171,21.785008322088537,uganda
2023-03-08,kyoga,21480,21.10877007902922,uganda
2023-03-09,kyoga,18693,19.45228298939349,uganda
2023-03-10,kyoga,22720,22.522842278950268,uganda
2023-03-11,victoria,20208,23.64298017800398,uganda
2023-03-12,victoria,23894,22.676892913223988,uganda
2023-03-13,victoria,21280,23.04503423541327,uganda
2023-03-14,kyoga,20933,23.740499440480527,uganda
2023-03-15,victoria,22250,20.676938263351765,uganda
2023-03-16,victoria,23614,21.56689651068553,uganda
2023-03-17,kyoga,21479,22.195170481763142,uganda
2023-03-18,victoria,26520,23.921588801692877,uganda
2023-03-19,kyoga,21634,21.318333790680327,uganda
2023-03-20,victoria,24713,23.988281167835645,uganda
2023-03-21,victoria,19919,19.935756374902677,uganda
2023-03-22,victoria,23679,21.73094851045442,uganda
2023-03-23,victoria,23292,21.5557341574119,uganda
2023-03-24,kyoga,21849,21.5602980242374,uganda
2023-03-25,kyoga,24478,21.442307703224888,uganda
2023-03-26,victoria,21586,20.38484806388256,uganda
2023-03-27,kyoga,24649,20.595354488768432,uganda
2023-03-28,victoria,20755,22.360804437989,uganda
2023-03-29,kyoga,20944,20.075266624329526,uganda
2023-03-30,victoria,24301,23.162702948877318,uganda
2023-03-31,victoria,24098,21.701543206816996,uganda
2023-04-01,victoria,25177,23.916411027890568,uganda
2023-04-02,victoria,22853,23.916086731552515,uganda
2023-04-03,victoria,22654,21.574438087700507,uganda
2023-04-04,victoria,26536,21.709129233531534,uganda
2023-04-05,kyoga,19781,20.54871989707482,uganda
2023-04-06,victoria,20686,20.807982467583034,uganda
2023-04-07,victoria,22306,20.30373102826609,uganda
2023-04-08,kyoga,21244,21.314776156579494,uganda
2023-04-09,victoria,21875,23.618352893166755,uganda
2023-04-10,victoria,20488,20.544856878983985,uganda
2023-04-11,kyoga,23113,21.796369036524403,uganda
2023-04-12,kyoga,22413,21.157393205302178,uganda
2023-04-13,victoria,20691,23.033661697493486,uganda
2023-04-14,kyoga,22907,23.669948015498903,uganda
2023-04-15,kyoga,24385,21.58289000514384,uganda
2023-04-16,victoria,22799,20.96976636990118,uganda
2023-04-17,kyoga,22376,22.070241770956297,uganda
2023-04-18,kyoga,22646,20.13643104400876,uganda
2023-04-19,kyoga,32448,22.319138449487866,uganda
2023-04-20,kyoga,25171,22.577347798782487,uganda
2023-04-21,victoria,25685,21.45111643163043,uganda
2023-04-22,victoria,22727,23.463881536104783,uganda
2023-04-23,victoria,21527,12.820126166027904,uganda
2023-04-24,kyoga,21397,22.46268659430067,uganda
2023-04-25,victoria,24612,20.315271665230707,uganda
2023-04-26,victoria,25591,21.939201399865475,uganda
2023-04-27,kyoga,22627,20.736499250914676,uganda
2023-04-28,victoria,21097,20.69440632293754,uganda
2023-04-29,victoria,19736,20.04894028387655,uganda
2023-04-30,kyoga,19512,22.553837161548522,uganda
2023-05-01,kyoga,24226,20.573827116818215,uganda
2023-05-02,kyoga,19980,21.04594357315556,uganda
2023-05-03,kyoga,21951,21.70196089874569,uganda
2023-05-04,victoria,18366,22.48309226106822,uganda
2023-05-05,kyoga,24221,22.74681713403149,uganda
2023-05-06,kyoga,24317,21.92112456285941,uganda
2023-05-07,victoria,23570,22.09461627042075,uganda
2023-05-08,kyoga,24496,23.135354752541023,uganda
2023-05-09,kyoga,22443,22.31103613093729,uganda
2023-05-10,victoria,25702,23.190466250280686,uganda
2023-05-11,kyoga,23963,23.63058718517648,uganda
2023-05-12,kyoga,20568,23.453757463713448,uganda
2023-05-13,victoria,22651,22.0188129326734,uganda
2023-05-14,kyoga,24101,21.360277590065973,uganda
2023-05-15,victoria,22762,23.891211616238127,uganda
2023-05-16,victoria,23915,20.86555435219314,uganda
2023-05-17,victoria,26022,23.874387163256156,uganda
2023-05-18,victoria,19433,18.463053274825377,uganda
2023-05-19,victoria,21785,23.41973011576542,uganda
2023-05-20,victoria,23991,23.59886212335099,uganda
2023-05-21,kyoga,23623,22.674360682468006,uganda
2023-05-22,victoria,24972,22.962369927497623,uganda
2023-05-23,kyoga,22368,23.26766058956622,uganda
2023-05-24,victoria,23285,21.322439745118547,uganda
2023-05-25,kyoga,20561,23.202555657481287,uganda
2023-05-26,victoria,25405,22.205991739974415,uganda
2023-05-27,victoria,24332,23.82238763202238,uganda
2023-05-28,victoria,20698,21.457631006601495,uganda
2023-05-29,kyoga,19599,21.092282743643548,uganda
2023-05-30,victoria,23324,12.980409492653205,uganda
2023-05-31,kyoga,24923,21.84412778136031,uganda
2023-06-01,kyoga,21174,23.00851417818788,uganda
2023-06-02,kyoga,26697,22.594950215242758,uganda
2023-06-03,victoria,23128,22.143618964310427,uganda
2023-06-04,victoria,19104,19.68675631364427,uganda
2023-06-05,kyoga,21302,23.74554255913946,uganda
2023-06-06,kyoga,21982,22.51078866447473,uganda
2023-06-07,kyoga,25833,21.95360811224558,uganda
2023-06-08,victoria,23337,22.036033425378157,uganda
2023-06-09,kyoga,26015,21.527774589451603,uganda
2023-06-10,kyoga,21303,22.591160352945764,uganda
2023-06-11,victoria,24787,21.039687328288707,uganda
2023-06-12,victoria,21006,21.465697226942822,uganda
2023-06-13,kyoga,21159,22.37074390414861,uganda
2023-06-14,kyoga,23577,22.278568348422866,uganda
2023-06-15,kyoga,21566,21.46321691296677,uganda
2023-06-16,victoria,24977,23.868495548705873,uganda
2023-06-17,kyoga,24304,20.205046474965204,uganda
2023-06-18,kyoga,23919,21.56424461464752,uganda
2023-06-19,victoria,18999,20.755687728433315,uganda
2023-06-20,victoria,23576,22.5911698688528,uganda
2023-06-21,victoria,22931,21.061621957979206,uganda
2023-06-22,victoria,21286,23.76231839878469,uganda
2023-06-23,victoria,23394,22.88740235128398,uganda
2023-06-24,kyoga,20193,22.55349572500884,uganda
2023-06-25,victoria,21405,23.617971756824574,uganda
2023-06-26,victoria,23077,21.124190367766367,uganda
2023-06-27,victoria,21864,21.77354710005178,uganda
2023-06-28,victoria,24231,20.518101330019622,uganda
2023-06-29,victoria,22896,23.74150388889595,uganda
2023-06-30,victoria,27422,21.307867107591925,uganda
2023-07-01,victoria,18870,19.16367489716568,uganda
2023-07-02,kyoga,24768,21.20618161463487,uganda
2023-07-03,victoria,22605,20.56585730709832,uganda
2023-07-04,victoria,25644,23.98677825294834,uganda
2023-07-05,victoria,19886,18.978918194588324,uganda
2023-07-06,kyoga,23634,22.97321177166779,uganda
2023-07-07,kyoga,22775,23.55475170073252,uganda
2023-07-08,victoria,21822,20.949856890289237,uganda
2023-07-09,victoria,19978,18.250513110499732,uganda
2023-07-10,kyoga,23569,22.049209251468003,uganda
2023-07-11,kyoga,19993,20.585243871528792,uganda
2023-07-12,kyoga,22978,21.853074238584036,uganda
2023-07-13,victoria,22946,22.511800522087857,uganda
2023-07-14,victoria,16889,21.269872650472607,uganda
2023-07-15,victoria,23460,20.669623390315998,uganda
2023-07-16,kyoga,24080,22.06874792466808,uganda
2023-07-17,victoria,23713,22.71605524439969,uganda
2023-07-18,kyoga,22252,23.536483320970174,uganda
2023-07-19,victoria,20920,23.11270956360793,uganda
2023-07-20,victoria,21977,21.75049791861962,uganda
2023-07-21,kyoga,19872,19.880398899537084,uganda
2023-07-22,victoria,21323,23.361729730100976,uganda
2023-07-23,kyoga,24269,20.98431109265195,uganda
2023-07-24,kyoga,24093,21.171222705788004,uganda
2023-07-25,kyoga,21683,20.212429919249477,uganda
2023-07-26,kyoga,21463,20.682848956073236,uganda
2023-07-27,victoria,21335,21.145797443902385,uganda
2023-07-28,victoria,19142,20.33424654074404,uganda
2023-07-29,kyoga,27640,22.113269595913756,uganda
2023-07-30,victoria,25415,22.618789200689257,uganda
2023-07-31,victoria,20869,23.024375716178216,uganda
2023-08-01,victoria,20593,23.749163768928106,uganda
2023-08-02,victoria,21137,20.689711835456755,uganda
2023-08-03,kyoga,21006,20.32766762704241,uganda
2023-08-04,kyoga,20873,20.98501850508516,uganda
2023-08-05,victoria,21332,23.60888580121449,uganda
2023-08-06,victoria,23121,23.206617294476015,uganda
2023-08-07,kyoga,20805,23.620663743659478,uganda
2023-08-08,victoria,22152,22.821413230518825,uganda
2023-08-09,victoria,21884,22.899018657237104,uganda
2023-08-10,kyoga,17899,18.289381620736936,uganda
2023-08-11,victoria,24161,22.862128164714676,uganda
2023-08-12,kyoga,21758,22.295743557537826,uganda
2023-08-13,kyoga,19577,22.14718199828037,uganda
2023-08-14,victoria,24486,23.739510877277443,uganda
2023-08-15,kyoga,23863,20.64501597983004,uganda
2023-08-16,kyoga,23588,21.08428376514562,uganda
2023-08-17,victoria,22193,23.995129218490337,uganda
2023-08-18,victoria,19250,20.38897967450121,uganda
2023-08-19,kyoga,22290,22.416801032451975,uganda
2023-08-20,victoria,20038,22.423735392461527,uganda
2023-08-21,kyoga,20385,23.335285372794996,uganda
2023-08-22,kyoga,22940,23.388526358682938,uganda
2023-08-23,victoria,22533,21.470926300400432,uganda
2023-08-24,victoria,23418,14.435229816678307,uganda
2023-08-25,victoria,26931,20.100115008476507,uganda
2023-08-26,kyoga,20552,12.979108517625054,uganda
2023-08-27,kyoga,20853,21.29204896228471,uganda
2023-08-28,victoria,22966,20.224573598499223,uganda
2023-08-29,kyoga,21849,20.134510854675643,uganda
2023-08-30,victoria,21969,22.48745504340809,uganda
2023-08-31,victoria,26257,22.050851839514188,uganda
2023-09-01,kyoga,20977,22.318330057707094,uganda
2023-09-02,kyoga,22207,22.44061640383543,uganda
2023-09-03,victoria,22709,22.936219698990215,uganda
2023-09-04,victoria,18929,19.524977167230688,uganda
2023-09-05,kyoga,23359,22.15787520822183,uganda
2023-09-06,kyoga,22361,21.77806608412634,uganda
2023-09-07,victoria,21758,21.104908994379386,uganda
2023-09-08,kyoga,22768,23.584280133472895,uganda
2023-09-09,victoria,22644,23.441123121841834,uganda
2023-09-10,victoria,19643,18.596428096414513,uganda
2023-09-11,victoria,20250,22.75127785850097,uganda
2023-09-12,victoria,23067,22.06496944132976,uganda
2023-09-13,victoria,22222,20.863972895766363,uganda
2023-09-14,kyoga,23470,20.209827770140723,uganda
2023-09-15,victoria,18987,17.77326240105556,uganda
2023-09-16,victoria,21212,23.735847757878677,uganda
2023-09-17,kyoga,23710,22.948493018867726,uganda
2023-09-18,victoria,17335,22.492040349954493,uganda
2023-09-19,kyoga,21087,22.22606318797452,uganda
2023-09-20,kyoga,17268,19.557452317240738,uganda
2023-09-21,victoria,22761,21.620454216523562,uganda
2023-09-22,kyoga,19447,19.259100480477713,uganda
2023-09-23,kyoga,22648,23.550578699127144,uganda
2023-09-24,victoria,24628,20.98813888991484,uganda
2023-09-25,victoria,18350,20.47743603702162,uganda
2023-09-26,victoria,21504,23.928230872490566,uganda
2023-09-27,victoria,21518,18.69982523474164,uganda
2023-09-28,victoria,19346,19.168455982254894,uganda
2023-09-29,victoria,19596,21.191695897019166,uganda
2023-09-30,kyoga,21539,22.892476814962897,uganda
2023-10-01,kyoga,20619,20.80915323238994,uganda
2023-10-02,victoria,19528,21.30006903528271,uganda
2023-10-03,kyoga,21425,20.709178268803704,uganda
2023-10-04,kyoga,23132,21.667608413544304,uganda
2023-10-05,kyoga,26078,21.387063413103476,uganda
2023-10-06,victoria,22949,20.49276332169147,uganda
2023-10-07,kyoga,17311,20.381111455245104,uganda
2023-10-08,victoria,24390,22.893487598723308,uganda
2023-10-09,kyoga,22748,21.87431243115256,uganda
2023-10-10,kyoga,22316,21.971550752425227,uganda
2023-10-11,victoria,23936,22.735050754318046,uganda
2023-10-12,kyoga,22385,23.139215411664445,uganda
2023-10-13,kyoga,22155,21.954195054715886,uganda
2023-10-14,victoria,21442,20.693188619415693,uganda
2023-10-15,kyoga,24520,22.03398691965585,uganda
2023-10-16,kyoga,23128,22.112665335702406,uganda
2023-10-17,kyoga,23308,23.29252906045373,uganda
2023-10-18,kyoga,25919,21.584118423688746,uganda
2023-10-19,kyoga,19136,19.854814259758644,uganda
2023-10-20,victoria,24969,20.18354467159884,uganda
2023-10-21,victoria,23312,23.01575643858356,uganda
2023-10-22,kyoga,21867,20.420471640965925,uganda
2023-10-23,victoria,20992,10.396612234555594,uganda
2023-10-24,victoria,22695,23.187457874317104,uganda
2023-10-25,victoria,19920,19.862261020959732,uganda
2023-10-26,kyoga,22580,21.57868614408047,uganda
2023-10-27,victoria,21885,23.190361314676476,uganda
2023-10-28,victoria,25144,20.499437976949178,uganda
2023-10-29,kyoga,23670,23.710993417417185,uganda
2023-10-30,victoria,24066,22.14020491536262,uganda
2023-10-31,victoria,24670,22.05227070475789,uganda
2023-11-01,kyoga,22996,20.185801411730413,uganda
2023-11-02,victoria,21434,22.914437674212074,uganda
2023-11-03,victoria,24717,21.017790916196184,uganda
2023-11-04,victoria,19610,21.132384217881192,uganda
2023-11-05,victoria,23318,21.357499736559156,uganda
2023-11-06,victoria,22547,20.6110609795587,uganda
2023-11-07,kyoga,21181,22.911447419413534,uganda
2023-11-08,kyoga,22814,21.73120050673108,uganda
2023-11-09,victoria,25861,23.839217596360296,uganda
2023-11-10,kyoga,22894,20.593172993352677,uganda
2023-11-11,kyoga,21734,22.75837367323524,uganda
2023-11-12,kyoga,20234,22.684434826873442,uganda
2023-11-13,victoria,26719,20.275220864505023,uganda
2023-11-14,victoria,24934,21.456098924220164,uganda
2023-11-15,kyoga,21007,21.4174544612659,uganda
2023-11-16,victoria,21444,23.57342168158702,uganda
2023-11-17,kyoga,26596,20.1685082915146,uganda
2023-11-18,kyoga,24664,23.184602690673728,uganda
2023-11-19,kyoga,22233,20.885942898915573,uganda
2023-11-20,victoria,21847,23.40217164121382,uganda
2023-11-21,kyoga,24024,23.914099099431443,uganda
2023-11-22,victoria,34098,21.220789062546366,uganda
2023-11-23,victoria,20895,21.42244747420039,uganda
2023-11-24,kyoga,22496,22.651183495482524,uganda
2023-11-25,victoria,23782,22.050431781503406,uganda
2023-11-26,kyoga,24198,23.691479000850613,uganda
2023-11-27,victoria,22263,20.278600967720624,uganda
2023-11-28,kyoga,22205,22.62163839746913,uganda
2023-11-29,kyoga,21505,21.925958562001096,uganda
2023-11-30,kyoga,23270,20.840210144705416,uganda
2023-12-01,kyoga,22893,21.98421780126443,uganda
2023-12-02,kyoga,22393,20.989966922527785,uganda
2023-12-03,victoria,22779,21.20944945717499,uganda
2023-12-04,kyoga,22200,20.388883077150723,uganda
2023-12-05,victoria,22547,21.222598026072184,uganda
2023-12-06,victoria,19946,19.341703899486824,uganda
2023-12-07,kyoga,38159,20.27801725186736,uganda
2023-12-08,kyoga,21622,10.858153173715692,uganda
2023-12-09,victoria,25091,23.947432495862127,uganda
2023-12-10,kyoga,21858,20.11619141752118,uganda
2023-12-11,kyoga,22662,20.30725862311812,uganda
2023-12-12,kyoga,22971,21.453390949815816,uganda
2023-12-13,victoria,22644,22.87049821901134,uganda
2023-12-14,victoria,20303,21.211321516781474,uganda
2023-12-15,victoria,23112,22.808298951027083,uganda
2023-12-16,victoria,21774,20.040981318302922,uganda
2023-12-17,victoria,20850,23.15453596587895,uganda
2023-12-18,kyoga,20869,21.026085859822135,uganda
2023-12-19,victoria,23226,20.657390434735678,uganda
2023-12-20,victoria,20849,20.465365853407853,uganda
2023-12-21,kyoga,23289,23.994971455091658,uganda
2023-12-22,kyoga,18648,22.07547000441533,uganda
2023-12-23,kyoga,24214,20.1287314755755,uganda
2023-12-24,victoria,24539,22.131509468916295,uganda
2023-12-25,victoria,21193,23.10228474755704,uganda
2023-12-26,kyoga,20410,20.21549490519545,uganda
2023-12-27,kyoga,21433,21.752045570716653,uganda
2023-12-28,victoria,23291,20.070850729153708,uganda
2023-12-29,victoria,26471,21.925164476366064,uganda
2023-12-30,victoria,22404,22.848729262616345,uganda
2023-12-31,kyoga,20598,23.350303200073114,uganda
2024-01-01,kyoga,21353,23.880643294379457,uganda
2024-01-02,kyoga,22991,23.57999365764381,uganda
2024-01-03,victoria,23204,20.600012135756995,uganda
2024-01-04,victoria,23626,20.23704177570825,uganda
2024-01-05,kyoga,22885,20.174256143196374,uganda
2024-01-06,kyoga,19017,21.549961582420366,uganda
2024-01-07,victoria,20862,21.444360881049345,uganda
2024-01-08,kyoga,21934,22.745979663255472,uganda
2024-01-09,victoria,25235,23.5134991720742,uganda
2024-01-10,victoria,20272,22.136240793094537,uganda
2024-01-11,victoria,20625,21.062585198689277,uganda
2024-01-12,kyoga,24319,20.902483961726865,uganda
2024-01-13,kyoga,23106,22.99534810526208,uganda
2024-01-14,kyoga,26980,22.963047266186553,uganda
2024-01-15,victoria,23785,23.131551612501937,uganda
2024-01-16,kyoga,22747,22.587953651400717,uganda
2024-01-17,kyoga,21504,19.613653149847934,uganda
2024-01-18,kyoga,25274,23.456606732728343,uganda
2024-01-19,kyoga,23724,23.172762278926317,uganda
2024-01-20,victoria,22617,22.837990124091043,uganda
2024-01-21,kyoga,20626,22.675281627472536,uganda
2024-01-22,kyoga,21760,22.45610088006628,uganda
2024-01-23,kyoga,24130,21.554346169780192,uganda
2024-01-24,victoria,23240,17.824334302361933,uganda
2024-01-25,kyoga,24224,23.27454607041503,uganda
2024-01-26,kyoga,22374,22.690646335825974,uganda
2024-01-27,victoria,22664,23.80571884439498,uganda
2024-01-28,victoria,24848,22.339997634721325,uganda
2024-01-29,victoria,22152,21.92979335500277,uganda
2024-01-30,victoria,22666,12.714886054572304,uganda
2024-01-31,victoria,22118,22.12435505222713,uganda
2024-02-01,kyoga,22073,23.622676554027695,uganda
2024-02-02,victoria,20906,16.44303816524946,uganda
2024-02-03,kyoga,22083,20.755761448346224,uganda
2024-02-04,kyoga,26878,20.934310234269436,uganda
2024-02-05,kyoga,23186,21.774662802356946,uganda
2024-02-06,victoria,22115,21.662962669312595,uganda
2024-02-07,kyoga,22942,22.166067518328227,uganda
2024-02-08,kyoga,23739,22.607181166216385,uganda
2024-02-09,victoria,21273,21.600384524650323,uganda
2024-02-10,kyoga,20181,17.096865360697873,uganda
2024-02-11,kyoga,19999,20.63311024838459,uganda
2024-02-12,kyoga,24709,20.024110905994007,uganda
2024-02-13,kyoga,22137,23.079372923277717,uganda
2024-02-14,kyoga,19409,18.434017529070537,uganda
2024-02-15,victoria,22534,22.32810123861215,uganda
2024-02-16,kyoga,21858,20.213174435205616,uganda
2024-02-17,victoria,20487,21.733651684873355,uganda
2024-02-18,victoria,20613,22.31193166367324,uganda
2024-02-19,kyoga,23372,20.819698483502822,uganda
2024-02-20,victoria,27706,20.462466397260332,uganda
2024-02-21,kyoga,20965,23.62291051440227,uganda
2024-02-22,kyoga,22235,21.525007722983304,uganda
2024-02-23,victoria,21092,20.105941430585954,uganda
2024-02-24,victoria,24288,22.9331397959436,uganda
2024-02-25,kyoga,29206,21.336870501837474,uganda
2024-02-26,victoria,23132,21.452881102344655,uganda
2024-02-27,kyoga,22440,23.91182532599162,uganda
2024-02-28,kyoga,23978,20.10807968628008,uganda
2024-02-29,kyoga,25064,15.876722755534526,uganda
2024-03-01,kyoga,25303,20.661673236339446,uganda
2024-03-02,victoria,21637,22.90848370270043,uganda
2024-03-03,victoria,27327,20.040735884327844,uganda
2024-03-04,kyoga,25244,21.50203220106304,uganda
2024-03-05,victoria,19070,20.172520830875822,uganda
2024-03-06,victoria,21765,20.962626606167323,uganda
2024-03-07,victoria,21429,20.05013083723192,uganda
2024-03-08,victoria,24086,23.798970327132835,uganda
2024-03-09,victoria,21287,23.13626390681868,uganda
2024-03-10,kyoga,26122,21.93645747196718,uganda
2024-03-11,kyoga,21183,21.51324750926556,uganda
2024-03-12,kyoga,21411,20.354030425724027,uganda
2024-03-13,victoria,24110,21.83615153718144,uganda
2024-03-14,kyoga,20595,22.092510471086946,uganda
2024-03-15,victoria,20130,20.67809756612928,uganda
2024-03-16,kyoga,21470,21.51303998526948,uganda
2024-03-17,kyoga,19643,18.67639414258053,uganda
2024-03-18,victoria,21172,23.44541774404132,uganda
2024-03-19,victoria,22040,23.49613757412269,uganda
2024-03-20,kyoga,21578,20.501850021116976,uganda
2024-03-21,kyoga,22444,22.265671031538208,uganda
2024-03-22,kyoga,22036,23.597897989971468,uganda
2024-03-23,victoria,16320,21.72429101448862,uganda
2024-03-24,kyoga,23731,15.320600981338991,uganda
2024-03-25,victoria,20451,21.63981632748316,uganda
2024-03-26,kyoga,22011,20.631941934842732,uganda
2024-03-27,kyoga,22121,21.684086239375574,uganda
2024-03-28,kyoga,20092,20.369271755031235,uganda
2024-03-29,kyoga,21413,23.804515878604786,uganda
2024-03-30,victoria,18255,19.193119588110708,uganda
2024-03-31,victoria,25567,23.61631055705933,uganda
2024-04-01,kyoga,17436,22.6058628246983,uganda
2024-04-02,kyoga,21096,21.304460572474035,uganda
2024-04-03,kyoga,21413,22.181524527449035,uganda
2024-04-04,victoria,24534,23.05048565530988,uganda
2024-04-05,victoria,20587,21.46403012422345,uganda
2024-04-06,victoria,24137,23.80389227347193,uganda
2024-04-07,kyoga,24268,22.039788713079993,uganda
2024-04-08,victoria,18975,19.104534909945862,uganda
2024-04-09,victoria,21410,21.69219997374133,uganda
2024-04-10,victoria,21690,23.681913115365,uganda
2024-04-11,victoria,25197,21.890288077501534,uganda
2024-04-12,victoria,20880,23.04214438263313,uganda
2024-04-13,victoria,22773,21.03649817883758,uganda
2024-04-14,victoria,22179,20.08677382198753,uganda
2024-04-15,kyoga,19359,18.637772615982065,uganda
2024-04-16,victoria,22984,21.434035521501965,uganda
2024-04-17,victoria,21907,20.078849692143972,uganda
2024-04-18,victoria,20636,22.166938572112343,uganda
2024-04-19,victoria,22858,22.290395028164195,uganda
2024-04-20,victoria,19048,21.34857224146791,uganda
2024-04-21,victoria,23340,23.73432529588419,uganda
2024-04-22,kyoga,26921,21.53632852307886,uganda
2024-04-23,kyoga,21383,21.531194786613565,uganda
2024-04-24,kyoga,24296,20.505066086378523,uganda
2024-04-25,victoria,21728,17.38330622495926,uganda
2024-04-26,victoria,24220,21.33691813504999,uganda
2024-04-27,victoria,20686,22.12783468521662,uganda
2024-04-28,victoria,23157,23.834514361849433,uganda
2024-04-29,kyoga,20970,22.16034665597296,uganda
2024-04-30,kyoga,23582,23.138862223995726,uganda
2024-05-01,kyoga,21643,23.33446772702439,uganda
2024-05-02,victoria,39799,21.78311656252567,uganda
2024-05-03,kyoga,22161,22.106567186811905,uganda
2024-05-04,kyoga,22466,23.887306662466855,uganda
2024-05-05,kyoga,23057,20.483568037354026,uganda
2024-05-06,victoria,22513,21.418736344411382,uganda
2024-05-07,kyoga,22203,21.275351118533962,uganda
2024-05-08,kyoga,26078,22.613639961253064,uganda
2024-05-09,victoria,22478,20.38846257711602,uganda
2024-05-10,kyoga,21233,22.276565871719264,uganda
2024-05-11,victoria,22355,23.21520864617315,uganda
2024-05-12,kyoga,24143,22.76773697877003,uganda
2024-05-13,kyoga,19395,18.995976969535995,uganda
2024-05-14,kyoga,22294,22.728936039162516,uganda
2024-05-15,kyoga,19097,20.37353789024429,uganda
2024-05-16,kyoga,24023,21.458566364657887,uganda
2024-05-17,kyoga,21489,21.7928393152715,uganda
2024-05-18,kyoga,22995,23.71869310289658,uganda
2024-05-19,kyoga,23649,22.76069360357619,uganda
2024-05-20,victoria,22519,21.800916854203255,uganda
2024-05-21,victoria,19506,20.59841268284069,uganda
2024-05-22,kyoga,23329,22.632500074423476,uganda
2024-05-23,kyoga,19817,22.259871384968854,uganda
2024-05-24,victoria,18810,19.094316727910872,uganda
2024-05-25,kyoga,16856,21.30969649610787,uganda
2024-05-26,kyoga,24300,21.292100080881706,uganda
2024-05-27,kyoga,16321,21.2018059520231,uganda
2024-05-28,victoria,22600,23.758392062915924,uganda
2024-05-29,kyoga,18831,21.585465361299413,uganda
2024-05-30,victoria,24440,20.706934451701862,uganda
2024-05-31,kyoga,24119,22.41325202941516,uganda
2024-06-01,kyoga,22183,23.71784273580247,uganda
2024-06-02,kyoga,24110,23.82131631317973,uganda
2024-06-03,victoria,22241,20.645034054816986,uganda
2024-06-04,victoria,22553,23.075726613705648,uganda
2024-06-05,kyoga,21844,20.357755152064858,uganda
2024-06-06,victoria,22733,21.10781372710205,uganda
2024-06-07,kyoga,21256,21.85686986870366,uganda
2024-06-08,victoria,23430,19.209805142680395,uganda
2024-06-09,victoria,22071,22.031523477353975,uganda
2024-06-10,victoria,23575,20.61540792344014,uganda
2024-06-11,victoria,22668,20.887504370769218,uganda
2024-06-12,victoria,21744,20.52200779687628,uganda
2024-06-13,victoria,21761,22.88694183377579,uganda
2024-06-14,victoria,22111,21.214292592129862,uganda
2024-06-15,kyoga,23444,20.93906665099707,uganda
2024-06-16,kyoga,24554,22.700441135157206,uganda
2024-06-17,victoria,20884,23.830948485628706,uganda
2024-06-18,kyoga,24143,20.163698962555063,uganda
2024-06-19,kyoga,18872,20.407581078632283,uganda
2024-06-20,victoria,23572,23.992708122757353,uganda
2024-06-21,victoria,24022,21.11300263253602,uganda
2024-06-22,victoria,21281,22.171198186251953,uganda
2024-06-23,kyoga,19400,20.94819783478606,uganda
2024-06-24,kyoga,19241,20.96240031750075,uganda
2024-06-25,kyoga,21089,23.00567214650488,uganda
2024-06-26,kyoga,22231,13.558074287952117,uganda
2024-06-27,victoria,24959,21.596779530198763,uganda
2024-06-28,kyoga,28575,21.114258699592458,uganda
2024-06-29,victoria,22509,20.57053858384058,uganda
2024-06-30,victoria,23363,20.12661328615342,uganda
2024-07-01,victoria,26282,22.053948724851896,uganda
2024-07-02,kyoga,22021,23.17631339243325,uganda
2024-07-03,victoria,23006,20.290128679304757,uganda
2024-07-04,victoria,21125,20.16097303357087,uganda
2024-07-05,kyoga,23642,22.61465348248848,uganda
2024-07-06,victoria,23550,20.73025826669282,uganda
2024-07-07,kyoga,20936,20.36914863208904,uganda
2024-07-08,victoria,36087,21.290710714690874,uganda
2024-07-09,kyoga,21884,22.45380925681594,uganda
2024-07-10,victoria,21642,22.657629714303393,uganda
2024-07-11,victoria,21380,22.221447710804984,uganda
2024-07-12,victoria,22325,23.59785895589789,uganda
2024-07-13,kyoga,22952,22.09802323244788,uganda
2024-07-14,victoria,22246,20.448298298634164,uganda
2024-07-15,victoria,21278,23.611708265845095,uganda
2024-07-16,kyoga,19945,22.329584509408818,uganda
2024-07-17,victoria,25079,23.538970179610207,uganda
2024-07-18,victoria,22182,22.73832950983443,uganda
2024-07-19,victoria,16286,18.117610290749642,uganda
2024-07-20,victoria,20434,22.411619478523278,uganda
2024-07-21,kyoga,18362,19.72099405848196,uganda
2024-07-22,victoria,24968,20.472672154611104,uganda
2024-07-23,victoria,27592,23.514930148602676,uganda
2024-07-24,kyoga,21586,21.52686725224069,uganda
2024-07-25,victoria,23706,20.62513319395834,uganda
2024-07-26,kyoga,17934,18.777560291361844,uganda
2024-07-27,kyoga,23990,20.537286075156754,uganda
2024-07-28,victoria,21130,21.57279510977882,uganda
2024-07-29,victoria,21765,22.97920695140859,uganda
2024-07-30,kyoga,18795,21.09687374044051,uganda
2024-07-31,kyoga,22316,23.161479432625292,uganda
2024-08-01,kyoga,24694,22.241117403199098,uganda
2024-08-02,kyoga,19679,16.176413741321326,uganda
2024-08-03,kyoga,22635,23.708886464606483,uganda
2024-08-04,victoria,23114,21.051835623118357,uganda
2024-08-05,kyoga,26256,20.65837608343351,uganda
2024-08-06,victoria,23968,21.634069198216807,uganda
2024-08-07,kyoga,26698,20.267808390399924,uganda
2024-08-08,kyoga,20969,21.79767000047161,uganda
2024-08-09,kyoga,21111,21.17076888794125,uganda
2024-08-10,victoria,24365,20.196879115072434,uganda
2024-08-11,victoria,21715,22.042716817578036,uganda
2024-08-12,victoria,23054,20.71297075935141,uganda
2024-08-13,victoria,19209,18.66893799131816,uganda
2024-08-14,victoria,24037,22.046646034768557,uganda
2024-08-15,victoria,25228,20.80546906662623,uganda
2024-08-16,victoria,22459,20.275246897431682,uganda
2024-08-17,victoria,18101,18.95743999709869,uganda
2024-08-18,victoria,24281,22.47176070736686,uganda
2024-08-19,kyoga,27684,20.43488827712052,uganda
2024-08-20,victoria,24183,20.557302143983847,uganda
2024-08-21,kyoga,22953,23.232467206565605,uganda
2024-08-22,kyoga,22205,20.688966119931372,uganda
2024-08-23,victoria,22003,23.737381542641423,uganda
2024-08-24,victoria,23935,22.21534600189063,uganda
2024-08-25,kyoga,20206,22.03324998184096,uganda
2024-08-26,kyoga,19315,22.105987798552427,uganda
2024-08-27,kyoga,20079,21.143358397478057,uganda
2024-08-28,kyoga,23970,22.794793996056484,uganda
2024-08-29,kyoga,21551,21.690122229601347,uganda
2024-08-30,victoria,22464,20.924519509408306,uganda
2024-08-31,kyoga,20954,21.939259069518965,uganda
2024-09-01,kyoga,23572,21.259925459680016,uganda
2024-09-02,victoria,19540,19.29327452445383,uganda
2024-09-03,victoria,23913,23.84136437566778,uganda
2024-09-04,kyoga,20903,20.819459482032414,uganda
2024-09-05,kyoga,23467,21.50797913351558,uganda
2024-09-06,victoria,24857,23.651552769948292,uganda
2024-09-07,victoria,22804,21.30156915708063,uganda
2024-09-08,kyoga,20889,20.225678888717326,uganda
2024-09-09,victoria,21263,22.488324339252664,uganda
2024-09-10,victoria,20451,20.62583854211975,uganda
2024-09-11,victoria,21427,20.282446377181692,uganda
2024-09-12,kyoga,20353,22.668463846676886,uganda
2024-09-13,victoria,25368,23.02243915860421,uganda
2024-09-14,victoria,21241,20.013120282858267,uganda
2024-09-15,kyoga,23072,23.977416417723468,uganda
2024-09-16,victoria,24715,22.69681336737565,uganda
2024-09-17,victoria,22210,21.210994223758817,uganda
2024-09-18,victoria,19791,20.770364148602486,uganda
2024-09-19,kyoga,22627,21.246501250783044,uganda
2024-09-20,kyoga,20388,20.4329815381189,uganda
2024-09-21,victoria,22918,20.955116801809048,uganda
2024-09-22,kyoga,22580,20.055296487075815,uganda
2024-09-23,kyoga,23401,20.26788833070372,uganda
2024-09-24,victoria,19998,22.542363595081476,uganda
2024-09-25,kyoga,25391,21.385083914933848,uganda
2024-09-26,victoria,21547,23.542516289879572,uganda
2024-09-27,victoria,20204,22.281055582109076,uganda
2024-09-28,kyoga,23604,21.705305779021245,uganda
2024-09-29,kyoga,20697,23.82887680208446,uganda
2024-09-30,victoria,22849,22.700631507206953,uganda
2024-10-01,victoria,22392,22.282389347126344,uganda
2024-10-02,kyoga,23991,21.08540786434819,uganda
2024-10-03,victoria,20121,22.903133491598776,uganda
2024-10-04,victoria,23368,21.12168874142284,uganda
2024-10-05,kyoga,22305,21.71648490223834,uganda
2024-10-06,kyoga,20624,22.600479944675506,uganda
2024-10-07,kyoga,22898,20.523454562312114,uganda
2024-10-08,victoria,23185,18.775434905091686,uganda
2024-10-09,victoria,20583,23.425377756509796,uganda
2024-10-10,victoria,22194,21.24148147964568,uganda
2024-10-11,kyoga,23484,21.372209002936813,uganda
2024-10-12,kyoga,22472,20.417361084657504,uganda
2024-10-13,kyoga,21341,21.417895331100535,uganda
2024-10-14,victoria,22517,20.161567933411764,uganda
2024-10-15,victoria,23436,21.035154214508335,uganda
2024-10-16,kyoga,19757,17.808636183614926,uganda
2024-10-17,victoria,22450,22.94969867888965,uganda
2024-10-18,kyoga,23284,21.04843989436553,uganda
2024-10-19,victoria,20146,20.25986713527606,uganda
2024-10-20,victoria,21222,20.25060400889739,uganda
2024-10-21,kyoga,20708,20.677550442576983,uganda
2024-10-22,kyoga,21967,21.10275377205817,uganda
2024-10-23,victoria,18952,19.53688059418111,uganda
2024-10-24,kyoga,23044,20.88663307915986,uganda
2024-10-25,kyoga,23168,17.006737964270833,uganda
2024-10-26,kyoga,16738,18.751708885867398,uganda
2024-10-27,kyoga,21978,23.9819697070074,uganda
2024-10-28,kyoga,23201,23.4961224224883,uganda
2024-10-29,victoria,18008,20.22505719620025,uganda
2024-10-30,victoria,25495,22.38354976887451,uganda
2024-10-31,kyoga,26397,20.053225078943477,uganda
2024-11-01,kyoga,23880,20.06534357772423,uganda
2024-11-02,victoria,22988,21.392298375375393,uganda
2024-11-03,kyoga,22083,21.340669077116083,uganda
2024-11-04,kyoga,21403,22.779710754739227,uganda
2024-11-05,victoria,20999,23.428290032360415,uganda
2024-11-06,victoria,25831,21.657978406223915,uganda
2024-11-07,victoria,22476,22.158906730578497,uganda
2024-11-08,kyoga,19732,19.364707804884947,uganda
2024-11-09,kyoga,21812,21.859673973457237,uganda
2024-11-10,kyoga,23827,21.4282718747864,uganda
2024-11-11,kyoga,24424,21.536363655407886,uganda
2024-11-12,victoria,23274,21.59160169491627,uganda
2024-11-13,victoria,22337,20.46714762469803,uganda
2024-11-14,kyoga,21780,22.814693848844367,uganda
2024-11-15,kyoga,23745,23.94584176024101,uganda
2024-11-16,victoria,24854,23.200278646030092,uganda
2024-11-17,kyoga,21242,23.276300820197903,uganda
2024-11-18,victoria,23623,22.236062326706048,uganda
2024-11-19,kyoga,23644,22.869559789984073,uganda
2024-11-20,victoria,21251,21.380253010365628,uganda
2024-11-21,kyoga,22590,23.23758234655841,uganda
2024-11-22,victoria,20253,23.06339345034189,uganda
2024-11-23,victoria,25953,22.9700484756052,uganda
2024-11-24,kyoga,23505,21.101144364467103,uganda
2024-11-25,kyoga,22052,21.953170307581072,uganda
2024-11-26,victoria,26601,20.773802643937067,uganda
2024-11-27,victoria,23593,20.26352167767314,uganda
2024-11-28,kyoga,23153,23.61416358202602,uganda
2024-11-29,victoria,23985,23.63890038114866,uganda
2024-11-30,victoria,21642,21.725146871684267,uganda
2024-12-01,kyoga,22371,22.404478948289928,uganda
2024-12-02,kyoga,21994,20.50863815315893,uganda
2024-12-03,victoria,21671,20.308011713612657,uganda
2024-12-04,victoria,20929,10.775373986328095,uganda
2024-12-05,kyoga,23529,21.44051866019226,uganda
2024-12-06,kyoga,20281,20.90755662730731,uganda
2024-12-07,victoria,26113,21.368511544185168,uganda
2024-12-08,kyoga,22360,21.356060631173644,uganda
2024-12-09,victoria,19840,21.24989998518013,uganda
2024-12-10,victoria,22717,21.620880153074012,uganda
2024-12-11,kyoga,24644,23.66404048700651,uganda
2024-12-12,victoria,18909,20.838656721720724,uganda
2024-12-13,victoria,20966,20.319253045979575,uganda
2024-12-14,victoria,21935,20.37443998965573,uganda
2024-12-15,kyoga,22603,21.663306087961953,uganda
2024-12-16,victoria,20974,23.580797403129292,uganda
2024-12-17,victoria,22621,20.545127286740758,uganda
2024-12-18,kyoga,22142,22.567442682297937,uganda
2024-12-19,kyoga,21457,22.109683668449357,uganda
2024-12-20,victoria,20831,20.152743629033345,uganda
2024-12-21,victoria,21709,20.729510745143596,uganda
2024-12-22,kyoga,23087,21.317796423217555,uganda
2024-12-23,victoria,24993,21.842488519625803,uganda
2024-12-24,kyoga,27459,20.336222334799146,uganda
2024-12-25,kyoga,22338,21.74777466154289,uganda
2024-12-26,victoria,21830,21.38842738976443,uganda
2024-12-27,kyoga,23734,23.451000916333875,uganda
2024-12-28,victoria,25739,22.256065646716,uganda
2024-12-29,kyoga,25207,20.764776143336537,uganda
2024-12-30,kyoga,23709,20.80604588853756,uganda
2024-12-31,kyoga,21708,20.30112678749647,uganda
